"Rank","Equity%","Price","Zestimate","EstSpread","Beds","Baths","SqFt","PPSF","Type","Address","ZillowURL"
"1","47%","35000","65600","30600","2","0","672","52","House for sale","1515 Hatcher Dr, Columbia, SC 29203","https://www.zillow.com/homedetails/1515-Hatcher-Dr-Columbia-SC-29203/11694494_zpid/"
"2","26%","170000","229400","59400","5","2","1200","142","House for sale","3961 Live Oak St, Columbia, SC 29205","https://www.zillow.com/homedetails/3961-Live-Oak-St-Columbia-SC-29205/11698835_zpid/"
"3","24%","179900","236900","57000","4","2","1900","95","House for sale","616 Amberley Rd, Columbia, SC 29203","https://www.zillow.com/homedetails/616-Amberley-Rd-Columbia-SC-29203/11680383_zpid/"
"4","23%","99000","128700","29700","4","2","1170","85","House for sale","400 Green Tree Cir, Columbia, SC 29203","https://www.zillow.com/homedetails/400-Green-Tree-Cir-Columbia-SC-29203/11695603_zpid/"
"5","8%","179500","196100","16600","3","1","952","189","House for sale","2518 Putnam St, Columbia, SC 29204","https://www.zillow.com/homedetails/2518-Putnam-St-Columbia-SC-29204/11689936_zpid/"
"6","8%","109900","118900","9000","4","2","1154","95","House for sale","4137 Shorecrest Dr, Columbia, SC 29209","https://www.zillow.com/homedetails/4137-Shorecrest-Dr-Columbia-SC-29209/11697075_zpid/"
"7","6%","168000","179400","11400","3","1","1000","168","House for sale","1558 Hazelwood Rd, Columbia, SC 29209","https://www.zillow.com/homedetails/1558-Hazelwood-Rd-Columbia-SC-29209/11724622_zpid/"
"8","6%","119500","126600","7100","3","1","1247","96","House for sale","3414 Maybank St, Columbia, SC 29204","https://www.zillow.com/homedetails/3414-Maybank-St-Columbia-SC-29204/11692739_zpid/"
"9","5%","125000","131700","6700","2","1","1235","101","House for sale","1311 Means Ave, Columbia, SC 29210","https://www.zillow.com/homedetails/1311-Means-Ave-Columbia-SC-29210/300044280_zpid/"
"10","5%","275000","289600","14600","4","3","2279","121","House for sale","154 Ashewicke Dr, Columbia, SC 29229","https://www.zillow.com/homedetails/154-Ashewicke-Dr-Columbia-SC-29229/108868167_zpid/"
"11","4%","219900","229200","9300","3","3","1850","119","House for sale","6 Elders Pond Ct, Columbia, SC 29229","https://www.zillow.com/homedetails/6-Elders-Pond-Ct-Columbia-SC-29229/55194323_zpid/"
"12","3%","177900","183700","5800","2","1","1010","176","House for sale","706 Hemphill St, Columbia, SC 29205","https://www.zillow.com/homedetails/706-Hemphill-St-Columbia-SC-29205/11699160_zpid/"
"13","3%","160000","165100","5100","3","2","1111","144","House for sale","3000 Richfield Dr, Columbia, SC 29201","https://www.zillow.com/homedetails/3000-Richfield-Dr-Columbia-SC-29201/11676419_zpid/"
"14","2%","300000","307300","7300","3","2","1671","180","House for sale","1002 Benton St, Columbia, SC 29201","https://www.zillow.com/homedetails/1002-Benton-St-Columbia-SC-29201/11676985_zpid/"
"15","2%","159000","162300","3300","2","2","1092","146","Townhouse for sale","188 Crestland Dr, Columbia, SC 29210","https://www.zillow.com/homedetails/188-Crestland-Dr-Columbia-SC-29210/88000602_zpid/"
"16","2%","270000","274900","4900","3","3","1863","145","House for sale","17 Cypress Cove Rd, Columbia, SC 29229","https://www.zillow.com/homedetails/17-Cypress-Cove-Rd-Columbia-SC-29229/121957026_zpid/"
"17","2%","225000","228600","3600","3","2","1377","163","House for sale","1050 Rabon Pond Dr, Columbia, SC 29223","https://www.zillow.com/homedetails/1050-Rabon-Pond-Dr-Columbia-SC-29223/118550265_zpid/"
"18","1%","229900","231500","1600","3","2","1449","159","House for sale","923 Huntington Ave, Columbia, SC 29205","https://www.zillow.com/homedetails/923-Huntington-Ave-Columbia-SC-29205/11682790_zpid/"
"19","1%","180500","181600","1100","3","2","1124","161","House for sale","721 Meadowlake Dr, Columbia, SC 29203","https://www.zillow.com/homedetails/721-Meadowlake-Dr-Columbia-SC-29203/11695668_zpid/"
"20","0%","239900","241000","1100","3","3","1560","154","House for sale","203 May Oak Rd, Columbia, SC 29229","https://www.zillow.com/homedetails/203-May-Oak-Rd-Columbia-SC-29229/55195185_zpid/"
"21","0%","219900","220900","1000","3","2","1542","143","House for sale","436 Guard Tower Ln, Columbia, SC 29209","https://www.zillow.com/homedetails/436-Guard-Tower-Ln-Columbia-SC-29209/110214130_zpid/"
"22","0%","179900","180700","800","3","2","1300","138","House for sale","1640 Woodford Rd, Columbia, SC 29209","https://www.zillow.com/homedetails/1640-Woodford-Rd-Columbia-SC-29209/11725082_zpid/"
"23","0%","235000","236000","1000","3","2","1399","168","House for sale","25 Rosepine Dr, Columbia, SC 29223","https://www.zillow.com/homedetails/25-Rosepine-Dr-Columbia-SC-29223/11723205_zpid/"
"24","0%","169900","170500","600","3","2","1095","155","House for sale","1135 Omega Dr, Columbia, SC 29223","https://www.zillow.com/homedetails/1135-Omega-Dr-Columbia-SC-29223/11720059_zpid/"
"25","0%","244900","245600","700","4","2","1894","129","House for sale","100 Pincushion Ln, Columbia, SC 29209","https://www.zillow.com/homedetails/100-Pincushion-Ln-Columbia-SC-29209/11724003_zpid/"
"26","0%","219900","220500","600","4","3","1634","135","House for sale","29 Wild Iris Ct, Columbia, SC 29209","https://www.zillow.com/homedetails/29-Wild-Iris-Ct-Columbia-SC-29209/80994624_zpid/"
"27","0%","232000","232600","600","3","3","1520","153","House for sale","509 Ridge Trail Dr, Columbia, SC 29229","https://www.zillow.com/homedetails/509-Ridge-Trail-Dr-Columbia-SC-29229/11741138_zpid/"
"28","0%","238000","238600","600","4","3","2323","102","House for sale","169 Fox Grove Cir, Columbia, SC 29229","https://www.zillow.com/homedetails/169-Fox-Grove-Cir-Columbia-SC-29229/67616407_zpid/"
"29","0%","164900","165300","400","3","1","1080","153","House for sale","1601 Wynnewood Rd, Columbia, SC 29223","https://www.zillow.com/homedetails/1601-Wynnewood-Rd-Columbia-SC-29223/11720320_zpid/"
"30","0%","239000","239300","300","3","3","1620","148","House for sale","129 Kings Parish Ct, Columbia, SC 29209","https://www.zillow.com/homedetails/129-Kings-Parish-Ct-Columbia-SC-29209/2058807719_zpid/"
"31","0%","164900","165000","100","3","1","1045","158","House for sale","508 Rockhaven Dr, Columbia, SC 29223","https://www.zillow.com/homedetails/508-Rockhaven-Dr-Columbia-SC-29223/11722832_zpid/"
"32","0%","190000","190100","100","3","1","1010","188","House for sale","320 Redwood Ct, Columbia, SC 29223","https://www.zillow.com/homedetails/320-Redwood-Ct-Columbia-SC-29223/11710999_zpid/"
"33","0%","245772","245900","128","4","3","2332","105","House for sale","699 Gladiolus Dr, Columbia, SC 29229","https://www.zillow.com/homedetails/699-Gladiolus-Dr-Columbia-SC-29229/121965986_zpid/"
"34","0%","199000","199100","100","2","1","650","306","House for sale","2237 Kingswood Dr, Columbia, SC 29205","https://www.zillow.com/homedetails/2237-Kingswood-Dr-Columbia-SC-29205/11682885_zpid/"
"35","0%","275000","275100","100","4","3","2624","105","House for sale","45 Round Table Ct, Columbia, SC 29209","https://www.zillow.com/homedetails/45-Round-Table-Ct-Columbia-SC-29209/121957928_zpid/"
"36","0%","294990","295000","10","4","3","2063","143","House for sale","192 Dunham Rd, Columbia, SC 29209","https://www.zillow.com/homedetails/192-Dunham-Rd-Columbia-SC-29209/2059263089_zpid/"
"37","0%","270000","270000","0","4","2","2000","135","House for sale","255 Sorrel Tree Dr, Columbia, SC 29223","https://www.zillow.com/homedetails/255-Sorrel-Tree-Dr-Columbia-SC-29223/121963602_zpid/"
"38","0%","186000","186000","0","3","2","1531","121","House for sale","3405 Padgett Rd, Columbia, SC 29209","https://www.zillow.com/homedetails/3405-Padgett-Rd-Columbia-SC-29209/11735998_zpid/"
"39","0%","209900","209900","0","3","2","1573","133","House for sale","324 Trowbridge Rd, Columbia, SC 29229","https://www.zillow.com/homedetails/324-Trowbridge-Rd-Columbia-SC-29229/11732791_zpid/"
"40","0%","154900","154900","0","3","3","1260","123","House for sale","515 Summit Terrace Ct, Columbia, SC 29229","https://www.zillow.com/homedetails/515-Summit-Terrace-Ct-Columbia-SC-29229/71270977_zpid/"
"41","0%","299000","298900","-100","4","4","2438","123","House for sale","222 Sepia Ct, Columbia, SC 29229","https://www.zillow.com/homedetails/222-Sepia-Ct-Columbia-SC-29229/110229481_zpid/"
"42","0%","239500","239400","-100","3","2","1469","163","House for sale","103 Whitfield Ct, Columbia, SC 29229","https://www.zillow.com/homedetails/103-Whitfield-Ct-Columbia-SC-29229/11731411_zpid/"
"43","0%","195000","194900","-100","4","3","1908","102","House for sale","108 Malisa Dr, Columbia, SC 29229","https://www.zillow.com/homedetails/108-Malisa-Dr-Columbia-SC-29229/55195677_zpid/"
"44","0%","190000","189900","-100","4","3","1336","142","House for sale","5711 Miramar Dr, Columbia, SC 29203","https://www.zillow.com/homedetails/5711-Miramar-Dr-Columbia-SC-29203/11693774_zpid/"
"45","0%","189900","189800","-100","3","2","1118","170","House for sale","200 Kingston Trace Rd, Columbia, SC 29229","https://www.zillow.com/homedetails/200-Kingston-Trace-Rd-Columbia-SC-29229/62990915_zpid/"
"46","0%","279750","279600","-150","5","4","2590","108","House for sale","272 Bassett Loop, Columbia, SC 29229","https://www.zillow.com/homedetails/272-Bassett-Loop-Columbia-SC-29229/71265970_zpid/"
"47","0%","159000","158900","-100","3","2","1066","149","House for sale","3717 Lochmore Dr, Columbia, SC 29209","https://www.zillow.com/homedetails/3717-Lochmore-Dr-Columbia-SC-29209/11735122_zpid/"
"48","0%","275000","274800","-200","2","2","1044","263","House for sale","1024 Price Ave, Columbia, SC 29201","https://www.zillow.com/homedetails/1024-Price-Ave-Columbia-SC-29201/11675838_zpid/"
"49","0%","125000","124900","-100","2","1","864","145","House for sale","5222 Mauldin Ave, Columbia, SC 29203","https://www.zillow.com/homedetails/5222-Mauldin-Ave-Columbia-SC-29203/11691758_zpid/"
"50","0%","182300","182100","-200","3","3","1678","109","House for sale","74 Newport Dr, Columbia, SC 29223","https://www.zillow.com/homedetails/74-Newport-Dr-Columbia-SC-29223/11728002_zpid/"
"51","0%","266000","265700","-300","4","3","2052","130","House for sale","1 Newcourt Pl, Columbia, SC 29229","https://www.zillow.com/homedetails/1-Newcourt-Pl-Columbia-SC-29229/11731868_zpid/"
"52","0%","169900","169700","-200","2","2","1092","156","House for sale","133 Heritage Village Ln, Columbia, SC 29212","https://www.zillow.com/homedetails/133-Heritage-Village-Ln-Columbia-SC-29212/52113947_zpid/"
"53","0%","232000","231700","-300","3","3","1715","135","House for sale","1817 Neptune Dr, Columbia, SC 29209","https://www.zillow.com/homedetails/1817-Neptune-Dr-Columbia-SC-29209/11725378_zpid/"
"54","0%","230000","229700","-300","3","3","1450","159","Townhouse for sale","223 Northwood St, Columbia, SC 29201","https://www.zillow.com/homedetails/223-Northwood-St-Columbia-SC-29201/121971166_zpid/"
"55","0%","229900","229600","-300","3","2","1369","168","House for sale","2 Woodshaw Ct, Columbia, SC 29212","https://www.zillow.com/homedetails/2-Woodshaw-Ct-Columbia-SC-29212/11187985_zpid/"
"56","0%","227500","227200","-300","4","2","2456","93","House for sale","1925 Shadowood Dr, Columbia, SC 29212","https://www.zillow.com/homedetails/1925-Shadowood-Dr-Columbia-SC-29212/11192597_zpid/"
"57","0%","215000","214700","-300","3","2","1244","173","House for sale","1339 Bon Air Dr, Columbia, SC 29203","https://www.zillow.com/homedetails/1339-Bon-Air-Dr-Columbia-SC-29203/11680653_zpid/"
"58","0%","255000","254600","-400","3","2","1467","174","House for sale","205 Oak Manor Dr, Columbia, SC 29229","https://www.zillow.com/homedetails/205-Oak-Manor-Dr-Columbia-SC-29229/11740272_zpid/"
"59","0%","230000","229600","-400","3","3","1318","175","House for sale","103 Village Way, Columbia, SC 29209","https://www.zillow.com/homedetails/103-Village-Way-Columbia-SC-29209/67597713_zpid/"
"60","0%","224000","223600","-400","3","1","1201","187","House for sale","3114 Park St, Columbia, SC 29201","https://www.zillow.com/homedetails/3114-Park-St-Columbia-SC-29201/11676556_zpid/"
"61","0%","274900","274400","-500","4","3","2235","123","House for sale","109 Kingston Trace Rd, Columbia, SC 29229","https://www.zillow.com/homedetails/109-Kingston-Trace-Rd-Columbia-SC-29229/62990822_zpid/"
"62","0%","204900","204500","-400","3","2","1490","138","House for sale","408 Thornfield Rd, Columbia, SC 29229","https://www.zillow.com/homedetails/408-Thornfield-Rd-Columbia-SC-29229/11731585_zpid/"
"63","0%","255000","254500","-500","4","2","1498","170","House for sale","1253 Mosser Dr, Columbia, SC 29203","https://www.zillow.com/homedetails/1253-Mosser-Dr-Columbia-SC-29203/440782170_zpid/"
"64","0%","164900","164500","-400","3","2","1254","131","House for sale","1826 Overhill Rd, Columbia, SC 29223","https://www.zillow.com/homedetails/1826-Overhill-Rd-Columbia-SC-29223/11720346_zpid/"
"65","0%","245000","244400","-600","3","3","1563","157","House for sale","420 Forest Grove Cir, Columbia, SC 29210","https://www.zillow.com/homedetails/420-Forest-Grove-Cir-Columbia-SC-29210/11196712_zpid/"
"66","0%","204000","203500","-500","3","2","1271","161","House for sale","314 Glenn Ave, Columbia, SC 29203","https://www.zillow.com/homedetails/314-Glenn-Ave-Columbia-SC-29203/11678256_zpid/"
"67","0%","200000","199500","-500","3","2","1300","154","House for sale","420 Pitchling Dr, Columbia, SC 29223","https://www.zillow.com/homedetails/420-Pitchling-Dr-Columbia-SC-29223/2073177538_zpid/"
"68","0%","199000","198500","-500","3","2","1144","174","House for sale","822 Apache Dr, Columbia, SC 29203","https://www.zillow.com/homedetails/822-Apache-Dr-Columbia-SC-29203/11674771_zpid/"
"69","0%","194900","194400","-500","3","2","1280","152","House for sale","324 Bombing Range Rd, Columbia, SC 29229","https://www.zillow.com/homedetails/324-Bombing-Range-Rd-Columbia-SC-29229/62990963_zpid/"
"70","0%","229900","229300","-600","4","3","1920","120","House for sale","303 Bassett Loop, Columbia, SC 29229","https://www.zillow.com/homedetails/303-Bassett-Loop-Columbia-SC-29229/71263732_zpid/"
"71","0%","260000","259300","-700","3","2","1764","147","House for sale","5 Durango Cir, Columbia, SC 29203","https://www.zillow.com/homedetails/5-Durango-Cir-Columbia-SC-29203/11712979_zpid/"
"72","0%","185000","184500","-500","3","1","1005","184","House for sale","137 Westbridge Rd, Columbia, SC 29223","https://www.zillow.com/homedetails/137-Westbridge-Rd-Columbia-SC-29223/11722270_zpid/"
"73","0%","289500","288700","-800","4","3","2318","125","House for sale","124 Farrow Pointe Ln, Columbia, SC 29203","https://www.zillow.com/homedetails/124-Farrow-Pointe-Ln-Columbia-SC-29203/121961182_zpid/"
"74","0%","242000","241300","-700","3","2","1642","147","House for sale","260 Woodwinds Dr, Columbia, SC 29212","https://www.zillow.com/homedetails/260-Woodwinds-Dr-Columbia-SC-29212/11193155_zpid/"
"75","0%","235000","234300","-700","3","3","1690","139","House for sale","319 Brook Hollow Dr, Columbia, SC 29229","https://www.zillow.com/homedetails/319-Brook-Hollow-Dr-Columbia-SC-29229/11732221_zpid/"
"76","0%","194900","194300","-600","3","2","1276","153","House for sale","351 Elders Pond Cir, Columbia, SC 29229","https://www.zillow.com/homedetails/351-Elders-Pond-Cir-Columbia-SC-29229/71270894_zpid/"
"77","0%","162000","161500","-500","2","2","1092","148","House for sale","125 Cedar Glen Ln, Columbia, SC 29223","https://www.zillow.com/homedetails/125-Cedar-Glen-Ln-Columbia-SC-29223/71271635_zpid/"
"78","0%","255500","254700","-800","3","3","1704","150","House for sale","1075 Belmont Green Rd, Columbia, SC 29209","https://www.zillow.com/homedetails/1075-Belmont-Green-Rd-Columbia-SC-29209/2061992113_zpid/"
"79","0%","189900","189300","-600","3","2","1255","151","House for sale","10 Crimson Ct, Columbia, SC 29229","https://www.zillow.com/homedetails/10-Crimson-Ct-Columbia-SC-29229/11733116_zpid/"
"80","0%","219999","219300","-699","3","1","941","234","House for sale","3825 Monroe St, Columbia, SC 29205","https://www.zillow.com/homedetails/3825-Monroe-St-Columbia-SC-29205/11701422_zpid/"
"81","0%","149900","149400","-500","3","1","933","161","House for sale","304 Stanford St, Columbia, SC 29203","https://www.zillow.com/homedetails/304-Stanford-St-Columbia-SC-29203/11694658_zpid/"
"82","0%","299000","298000","-1000","4","3","2064","145","Townhouse for sale","113 Wescott Pl, Columbia, SC 29229","https://www.zillow.com/homedetails/113-Wescott-Pl-Columbia-SC-29229/67616027_zpid/"
"83","0%","265000","264100","-900","3","2","1636","162","House for sale","132 Flora Springs Cir, Columbia, SC 29223","https://www.zillow.com/homedetails/132-Flora-Springs-Cir-Columbia-SC-29223/118550326_zpid/"
"84","0%","293500","292500","-1000","3","2","1607","183","House for sale","517 Windjammer Ln, Columbia, SC 29229","https://www.zillow.com/homedetails/517-Windjammer-Ln-Columbia-SC-29229/121956874_zpid/"
"85","0%","175000","174400","-600","2","1","1032","170","House for sale","400 Summit Townes Way, Columbia, SC 29229","https://www.zillow.com/homedetails/400-Summit-Townes-Way-Columbia-SC-29229/67612225_zpid/"
"86","0%","175000","174400","-600","4","2","1792","98","House for sale","7504 Teague Rd, Columbia, SC 29209","https://www.zillow.com/homedetails/7504-Teague-Rd-Columbia-SC-29209/11726443_zpid/"
"87","0%","174900","174300","-600","3","3","1440","121","House for sale","305 Curvewood Rd, Columbia, SC 29229","https://www.zillow.com/homedetails/305-Curvewood-Rd-Columbia-SC-29229/67615229_zpid/"
"88","0%","200000","199300","-700","2","2","1466","136","House for sale","232 Twin Oaks Ln, Columbia, SC 29209","https://www.zillow.com/homedetails/232-Twin-Oaks-Ln-Columbia-SC-29209/92390151_zpid/"
"89","0%","200000","199300","-700","3","3","1225","163","House for sale","13 Gatewood Way, Columbia, SC 29229","https://www.zillow.com/homedetails/13-Gatewood-Way-Columbia-SC-29229/67615272_zpid/"
"90","0%","199900","199200","-700","3","2","1276","157","House for sale","134 Hester Woods Dr, Columbia, SC 29223","https://www.zillow.com/homedetails/134-Hester-Woods-Dr-Columbia-SC-29223/88012160_zpid/"
"91","0%","165000","164400","-600","3","2","1053","157","House for sale","133 Shoreditch Dr, Columbia, SC 29209","https://www.zillow.com/homedetails/133-Shoreditch-Dr-Columbia-SC-29209/11735457_zpid/"
"92","0%","190000","189300","-700","3","2","1159","164","House for sale","1033 Rabon Pond Dr, Columbia, SC 29223","https://www.zillow.com/homedetails/1033-Rabon-Pond-Dr-Columbia-SC-29223/110215462_zpid/"
"93","0%","189900","189200","-700","3","3","1450","131","Townhouse for sale","10 Trentridge Ct, Columbia, SC 29229","https://www.zillow.com/homedetails/10-Trentridge-Ct-Columbia-SC-29229/67615246_zpid/"
"94","0%","215000","214200","-800","4","3","1910","113","House for sale","1253 Rabon Pond Dr, Columbia, SC 29223","https://www.zillow.com/homedetails/1253-Rabon-Pond-Dr-Columbia-SC-29223/121966459_zpid/"
"95","0%","199999","199200","-799","3","3","1428","140","Townhouse for sale","828 Yellow Swan Ln, Columbia, SC 29210","https://www.zillow.com/homedetails/828-Yellow-Swan-Ln-Columbia-SC-29210/350774597_zpid/"
"96","0%","199000","198200","-800","3","3","1776","112","House for sale","125 N Lake Pointe Dr, Columbia, SC 29229","https://www.zillow.com/homedetails/125-N-Lake-Pointe-Dr-Columbia-SC-29229/11738333_zpid/"
"97","0%","270000","268900","-1100","3","3","1607","168","House for sale","64 Salers Ln, Columbia, SC 29209","https://www.zillow.com/homedetails/64-Salers-Ln-Columbia-SC-29209/300048363_zpid/"
"98","0%","270000","268900","-1100","3","3","1704","158","House for sale","16 Sessile Ct, Columbia, SC 29203","https://www.zillow.com/homedetails/16-Sessile-Ct-Columbia-SC-29203/370670869_zpid/"
"99","0%","215000","214100","-900","2","2","1194","180","House for sale","203 Autumn Run Cir, Columbia, SC 29229","https://www.zillow.com/homedetails/203-Autumn-Run-Cir-Columbia-SC-29229/61363812_zpid/"
"100","0%","167000","166300","-700","2","3","1465","114","Townhouse for sale","414 Angel Grove Ln, Columbia, SC 29210","https://www.zillow.com/homedetails/414-Angel-Grove-Ln-Columbia-SC-29210/309259926_zpid/"
"101","0%","234900","233900","-1000","4","3","2364","99","House for sale","613 Heron Glen Dr, Columbia, SC 29229","https://www.zillow.com/homedetails/613-Heron-Glen-Dr-Columbia-SC-29229/81036526_zpid/"
"102","0%","254900","253800","-1100","3","3","1763","145","House for sale","225 Fernview Dr, Columbia, SC 29229","https://www.zillow.com/homedetails/225-Fernview-Dr-Columbia-SC-29229/11741303_zpid/"
"103","0%","299000","297700","-1300","4","3","2673","112","House for sale","1005 Wildwood Ave, Columbia, SC 29203","https://www.zillow.com/homedetails/1005-Wildwood-Ave-Columbia-SC-29203/300044451_zpid/"
"104","0%","299000","297700","-1300","3","3","2008","149","House for sale","626 Harbour Pointe Dr, Columbia, SC 29229","https://www.zillow.com/homedetails/626-Harbour-Pointe-Dr-Columbia-SC-29229/88002035_zpid/"
"105","0%","205000","204100","-900","3","2","1397","147","House for sale","3624 Harrogate Rd, Columbia, SC 29210","https://www.zillow.com/homedetails/3624-Harrogate-Rd-Columbia-SC-29210/11201466_zpid/"
"106","0%","249000","247900","-1100","3","2","1477","169","House for sale","499 Glacier Way, Columbia, SC 29229","https://www.zillow.com/homedetails/499-Glacier-Way-Columbia-SC-29229/121967777_zpid/"
"107","0%","90000","89600","-400","3","1","1112","81","House for sale","431 Pineneedle Rd, Columbia, SC 29203","https://www.zillow.com/homedetails/431-Pineneedle-Rd-Columbia-SC-29203/11678269_zpid/"
"108","0%","180000","179200","-800","2","2","1120","161","House for sale","106 Avebury Ln, Columbia, SC 29229","https://www.zillow.com/homedetails/106-Avebury-Ln-Columbia-SC-29229/61363666_zpid/"
"109","0%","223000","222000","-1000","3","3","1609","139","House for sale","213 Elders Pond Dr, Columbia, SC 29229","https://www.zillow.com/homedetails/213-Elders-Pond-Dr-Columbia-SC-29229/55194312_zpid/"
"110","0%","245000","243900","-1100","4","3","1726","142","House for sale","2776 Prince Charles Ct, Columbia, SC 29209","https://www.zillow.com/homedetails/2776-Prince-Charles-Ct-Columbia-SC-29209/2060374317_zpid/"
"111","0%","154900","154200","-700","3","1","1003","154","House for sale","3821 Trotter Rd, Columbia, SC 29209","https://www.zillow.com/homedetails/3821-Trotter-Rd-Columbia-SC-29209/11735287_zpid/"
"112","0%","265000","263800","-1200","4","3","2568","103","House for sale","231 Gayle Pond Trce, Columbia, SC 29209","https://www.zillow.com/homedetails/231-Gayle-Pond-Trce-Columbia-SC-29209/67608957_zpid/"
"113","0%","219000","218000","-1000","3","2","1150","190","House for sale","3652 Hoyt St, Columbia, SC 29223","https://www.zillow.com/homedetails/3652-Hoyt-St-Columbia-SC-29223/11711720_zpid/"
"114","0%","239000","237900","-1100","3","2","1383","173","House for sale","245 Piney Grove Rd, Columbia, SC 29210","https://www.zillow.com/homedetails/245-Piney-Grove-Rd-Columbia-SC-29210/2135854636_zpid/"
"115","0%","259000","257800","-1200","3","3","1684","154","House for sale","104 Talltree Ln, Columbia, SC 29229","https://www.zillow.com/homedetails/104-Talltree-Ln-Columbia-SC-29229/52114815_zpid/"
"116","0%","215000","214000","-1000","3","2","1195","180","House for sale","276 Oberlin Rd, Columbia, SC 29212","https://www.zillow.com/homedetails/276-Oberlin-Rd-Columbia-SC-29212/11195560_zpid/"
"117","0%","149900","149200","-700","3","1","890","168","House for sale","338 Bowling Ave, Columbia, SC 29203","https://www.zillow.com/homedetails/338-Bowling-Ave-Columbia-SC-29203/11694967_zpid/"
"118","0%","192000","191100","-900","3","2","1174","164","House for sale","4223 Woodridge Dr, Columbia, SC 29203","https://www.zillow.com/homedetails/4223-Woodridge-Dr-Columbia-SC-29203/67611754_zpid/"
"119","0%","170000","169200","-800","3","1","1110","153","House for sale","1522 Hibiscus St, Columbia, SC 29205","https://www.zillow.com/homedetails/1522-Hibiscus-St-Columbia-SC-29205/11698384_zpid/"
"120","0%","210000","209000","-1000","2","2","1121","187","House for sale","417 White Cedar Dr, Columbia, SC 29229","https://www.zillow.com/homedetails/417-White-Cedar-Dr-Columbia-SC-29229/92390878_zpid/"
"121","0%","165000","164200","-800","3","2","1140","145","House for sale","940 Rosedale Arch, Columbia, SC 29203","https://www.zillow.com/homedetails/940-Rosedale-Arch-Columbia-SC-29203/11693043_zpid/"
"122","0%","164900","164100","-800","3","1","1093","151","House for sale","1734 Nearview Ave, Columbia, SC 29223","https://www.zillow.com/homedetails/1734-Nearview-Ave-Columbia-SC-29223/11726923_zpid/"
"123","0%","164900","164100","-800","2","1","924","178","House for sale","5225 Two Notch Rd, Columbia, SC 29204","https://www.zillow.com/homedetails/5225-Two-Notch-Rd-Columbia-SC-29204/300045661_zpid/"
"124","-1%","198000","197000","-1000","3","2","1170","169","House for sale","117 Lambeth Dr, Columbia, SC 29209","https://www.zillow.com/homedetails/117-Lambeth-Dr-Columbia-SC-29209/11735373_zpid/"
"125","-1%","290000","288500","-1500","4","3","2036","142","House for sale","628 Ridge Trail Dr, Columbia, SC 29229","https://www.zillow.com/homedetails/628-Ridge-Trail-Dr-Columbia-SC-29229/11741251_zpid/"
"126","-1%","250000","248700","-1300","3","2","1855","135","House for sale","9829 Highgate Rd, Columbia, SC 29223","https://www.zillow.com/homedetails/9829-Highgate-Rd-Columbia-SC-29223/11729028_zpid/"
"127","-1%","190000","189000","-1000","3","3","1418","134","House for sale","120 Curvewood Rd, Columbia, SC 29229","https://www.zillow.com/homedetails/120-Curvewood-Rd-Columbia-SC-29229/67615255_zpid/"
"128","-1%","265000","263600","-1400","3","3","1703","156","House for sale","249 Knight Valley Cir, Columbia, SC 29209","https://www.zillow.com/homedetails/249-Knight-Valley-Cir-Columbia-SC-29209/121953731_zpid/"
"129","-1%","282500","281000","-1500","4","3","2036","139","House for sale","146 Brook Hollow Dr, Columbia, SC 29229","https://www.zillow.com/homedetails/146-Brook-Hollow-Dr-Columbia-SC-29229/11731935_zpid/"
"130","-1%","239000","237700","-1300","2","1","725","330","House for sale","3844 Wilmot Ave, Columbia, SC 29205","https://www.zillow.com/homedetails/3844-Wilmot-Ave-Columbia-SC-29205/11701564_zpid/"
"131","-1%","219800","218600","-1200","3","1","1312","168","House for sale","2930 English Ave, Columbia, SC 29204","https://www.zillow.com/homedetails/2930-English-Ave-Columbia-SC-29204/11691877_zpid/"
"132","-1%","237500","236200","-1300","3","3","1376","173","House for sale","134 Palmetto Park Cir, Columbia, SC 29229","https://www.zillow.com/homedetails/134-Palmetto-Park-Cir-Columbia-SC-29229/81048440_zpid/"
"133","-1%","199900","198800","-1100","3","3","1320","151","House for sale","304 Glen Knoll Dr, Columbia, SC 29229","https://www.zillow.com/homedetails/304-Glen-Knoll-Dr-Columbia-SC-29229/67601586_zpid/"
"134","-1%","199000","197900","-1100","3","2","1109","179","House for sale","316 Legend Oaks Dr, Columbia, SC 29229","https://www.zillow.com/homedetails/316-Legend-Oaks-Dr-Columbia-SC-29229/88011611_zpid/"
"135","-1%","198000","196900","-1100","3","3","1493","133","House for sale","106 Rolling Knoll Dr, Columbia, SC 29229","https://www.zillow.com/homedetails/106-Rolling-Knoll-Dr-Columbia-SC-29229/11733049_zpid/"
"136","-1%","213000","211800","-1200","3","2","1345","158","Townhouse for sale","20 Shuler Cir, Columbia, SC 29212","https://www.zillow.com/homedetails/20-Shuler-Cir-Columbia-SC-29212/11190564_zpid/"
"137","-1%","229900","228600","-1300","4","3","1708","135","House for sale","1246 Rabon Pond Dr, Columbia, SC 29223","https://www.zillow.com/homedetails/1246-Rabon-Pond-Dr-Columbia-SC-29223/121967131_zpid/"
"138","-1%","299900","298200","-1700","4","3","2459","122","House for sale","135 Waterville Dr, Columbia, SC 29229","https://www.zillow.com/homedetails/135-Waterville-Dr-Columbia-SC-29229/67616295_zpid/"
"139","-1%","299000","297300","-1700","4","3","2180","137","House for sale","1115 Belmont Green Rd, Columbia, SC 29209","https://www.zillow.com/homedetails/1115-Belmont-Green-Rd-Columbia-SC-29209/2058639858_zpid/"
"140","-1%","174900","173900","-1000","2","2","1468","119","Townhouse for sale","14 Shadow Creek Ct, Columbia, SC 29209","https://www.zillow.com/homedetails/14-Shadow-Creek-Ct-Columbia-SC-29209/11734844_zpid/"
"141","-1%","174500","173500","-1000","3","3","1520","115","Townhouse for sale","80 N Lake Pointe Dr, Columbia, SC 29229","https://www.zillow.com/homedetails/80-N-Lake-Pointe-Dr-Columbia-SC-29229/11738301_zpid/"
"142","-1%","154900","154000","-900","3","2","1176","132","House for sale","326 Rockingham Rd, Columbia, SC 29223","https://www.zillow.com/homedetails/326-Rockingham-Rd-Columbia-SC-29223/11730236_zpid/"
"143","-1%","240000","238600","-1400","3","2","1630","147","House for sale","308 Algrave Way, Columbia, SC 29229","https://www.zillow.com/homedetails/308-Algrave-Way-Columbia-SC-29229/67616278_zpid/"
"144","-1%","240000","238600","-1400","4","3","1652","145","House for sale","1311 Waverly Place Dr, Columbia, SC 29229","https://www.zillow.com/homedetails/1311-Waverly-Place-Dr-Columbia-SC-29229/67611999_zpid/"
"145","-1%","205000","203800","-1200","2","2","1348","152","House for sale","205 Twin Oaks Ln, Columbia, SC 29209","https://www.zillow.com/homedetails/205-Twin-Oaks-Ln-Columbia-SC-29209/55194647_zpid/"
"146","-1%","235000","233600","-1400","3","2","1248","188","House for sale","58 Crossvine Ct, Columbia, SC 29229","https://www.zillow.com/homedetails/58-Crossvine-Ct-Columbia-SC-29229/88003016_zpid/"
"147","-1%","200000","198800","-1200","3","2","768","260","House for sale","935 Eastman St, Columbia, SC 29203","https://www.zillow.com/homedetails/935-Eastman-St-Columbia-SC-29203/11693735_zpid/"
"148","-1%","200000","198800","-1200","3","2","1254","159","House for sale","25 Saint Andrews Place Ct, Columbia, SC 29210","https://www.zillow.com/homedetails/25-Saint-Andrews-Place-Ct-Columbia-SC-29210/121968885_zpid/"
"149","-1%","232000","230600","-1400","3","2","1355","171","House for sale","367 Marshdeer Way, Columbia, SC 29229","https://www.zillow.com/homedetails/367-Marshdeer-Way-Columbia-SC-29229/88007997_zpid/"
"150","-1%","137150","136300","-850","3","1","1025","134","House for sale","1146 Castle Pinckney Rd, Columbia, SC 29223","https://www.zillow.com/homedetails/1146-Castle-Pinckney-Rd-Columbia-SC-29223/11719498_zpid/"
"151","-1%","249750","248200","-1550","3","3","1320","189","House for sale","316 E Waverly Place Ct, Columbia, SC 29229","https://www.zillow.com/homedetails/316-E-Waverly-Place-Ct-Columbia-SC-29229/67612042_zpid/"
"152","-1%","290000","288200","-1800","5","3","2368","122","House for sale","2025 Elmridge Rd, Columbia, SC 29209","https://www.zillow.com/homedetails/2025-Elmridge-Rd-Columbia-SC-29209/445790488_zpid/"
"153","-1%","290000","288200","-1800","3","3","2737","106","House for sale","429 Indigo Ridge Dr, Columbia, SC 29229","https://www.zillow.com/homedetails/429-Indigo-Ridge-Dr-Columbia-SC-29229/88012709_zpid/"
"154","-1%","240000","238500","-1500","3","2","1287","186","House for sale","6 Woodlands Ridge Ct, Columbia, SC 29229","https://www.zillow.com/homedetails/6-Woodlands-Ridge-Ct-Columbia-SC-29229/67597998_zpid/"
"155","-1%","189900","188700","-1200","3","2","1877","101","House for sale","320 Folkstone Rd, Columbia, SC 29223","https://www.zillow.com/homedetails/320-Folkstone-Rd-Columbia-SC-29223/11722558_zpid/"
"156","-1%","269000","267300","-1700","4","3","1925","140","House for sale","570 Kimpton Dr, Columbia, SC 29223","https://www.zillow.com/homedetails/570-Kimpton-Dr-Columbia-SC-29223/246224662_zpid/"
"157","-1%","204900","203600","-1300","4","2","1702","120","House for sale","5 Larkin Ct, Columbia, SC 29203","https://www.zillow.com/homedetails/5-Larkin-Ct-Columbia-SC-29203/11681489_zpid/"
"158","-1%","219000","217600","-1400","3","3","1450","151","House for sale","104 Rolling Knoll Dr, Columbia, SC 29229","https://www.zillow.com/homedetails/104-Rolling-Knoll-Dr-Columbia-SC-29229/11733050_zpid/"
"159","-1%","249900","248300","-1600","3","2","1800","139","House for sale","217 S Shields Rd, Columbia, SC 29223","https://www.zillow.com/homedetails/217-S-Shields-Rd-Columbia-SC-29223/11729439_zpid/"
"160","-1%","279900","278100","-1800","3","2","1425","196","House for sale","389 Northwood St, Columbia, SC 29201","https://www.zillow.com/homedetails/389-Northwood-St-Columbia-SC-29201/67615595_zpid/"
"161","-1%","247000","245400","-1600","3","2","1956","126","House for sale","398 Fox Squirrel Cir, Columbia, SC 29209","https://www.zillow.com/homedetails/398-Fox-Squirrel-Cir-Columbia-SC-29209/88012426_zpid/"
"162","-1%","185000","183800","-1200","4","2","1916","97","House for sale","3905 Lamar St, Columbia, SC 29203","https://www.zillow.com/homedetails/3905-Lamar-St-Columbia-SC-29203/11678735_zpid/"
"163","-1%","185000","183800","-1200","3","2","1831","101","House for sale","1009 Gardendale Dr, Columbia, SC 29210","https://www.zillow.com/homedetails/1009-Gardendale-Dr-Columbia-SC-29210/11201130_zpid/"
"164","-1%","224999","223500","-1499","3","2","1298","173","House for sale","212 Kendrick Rd, Columbia, SC 29229","https://www.zillow.com/homedetails/212-Kendrick-Rd-Columbia-SC-29229/55194224_zpid/"
"165","-1%","225000","223500","-1500","3","3","1608","140","House for sale","1683 Rabon Farms Ln, Columbia, SC 29223","https://www.zillow.com/homedetails/1683-Rabon-Farms-Ln-Columbia-SC-29223/121966583_zpid/"
"166","-1%","179900","178700","-1200","2","2","1092","165","House for sale","8 Hampton Oaks Pl, Columbia, SC 29212","https://www.zillow.com/homedetails/8-Hampton-Oaks-Pl-Columbia-SC-29212/55192880_zpid/"
"167","-1%","235000","233400","-1600","3","2","1394","169","House for sale","875 Killian Station Dr, Columbia, SC 29229","https://www.zillow.com/homedetails/875-Killian-Station-Dr-Columbia-SC-29229/88008765_zpid/"
"168","-1%","275000","273100","-1900","3","2","1837","150","House for sale","1700 N Woodstream Rd, Columbia, SC 29212","https://www.zillow.com/homedetails/1700-N-Woodstream-Rd-Columbia-SC-29212/11191584_zpid/"
"169","-1%","230000","228400","-1600","3","2","1688","136","House for sale","1531 Alma Rd, Columbia, SC 29209","https://www.zillow.com/homedetails/1531-Alma-Rd-Columbia-SC-29209/11715547_zpid/"
"170","-1%","169900","168700","-1200","3","2","1105","154","House for sale","126 Village Walk, Columbia, SC 29209","https://www.zillow.com/homedetails/126-Village-Walk-Columbia-SC-29209/11715751_zpid/"
"171","-1%","169000","167800","-1200","3","3","1560","108","Townhouse for sale","1155 Cloister Pl, Columbia, SC 29210","https://www.zillow.com/homedetails/1155-Cloister-Pl-Columbia-SC-29210/11670733_zpid/"
"172","-1%","280000","278000","-2000","4","3","2166","129","House for sale","554 Wilkinson Ln, Columbia, SC 29229","https://www.zillow.com/homedetails/554-Wilkinson-Ln-Columbia-SC-29229/92386868_zpid/"
"173","-1%","209900","208400","-1500","3","2","1476","142","House for sale","804 Winslow Way, Columbia, SC 29229","https://www.zillow.com/homedetails/804-Winslow-Way-Columbia-SC-29229/11732612_zpid/"
"174","-1%","193500","192100","-1400","3","2","1440","134","Townhouse for sale","218 Gate Post Ln, Columbia, SC 29223","https://www.zillow.com/homedetails/218-Gate-Post-Ln-Columbia-SC-29223/67601632_zpid/"
"175","-1%","289000","286900","-2100","4","2","1568","184","House for sale","6506 Christie Rd, Columbia, SC 29209","https://www.zillow.com/homedetails/6506-Christie-Rd-Columbia-SC-29209/11714398_zpid/"
"176","-1%","165000","163800","-1200","2","2","1268","130","Townhouse for sale","408 Summit Townes Way, Columbia, SC 29229","https://www.zillow.com/homedetails/408-Summit-Townes-Way-Columbia-SC-29229/62990812_zpid/"
"177","-1%","165000","163800","-1200","3","1","1105","149","House for sale","2021 Morninglo Ln, Columbia, SC 29223","https://www.zillow.com/homedetails/2021-Morninglo-Ln-Columbia-SC-29223/11726986_zpid/"
"178","-1%","190000","188600","-1400","3","1","1559","122","House for sale","3815 Webb Ct, Columbia, SC 29204","https://www.zillow.com/homedetails/3815-Webb-Ct-Columbia-SC-29204/11692772_zpid/"
"179","-1%","257500","255600","-1900","3","2","1549","166","House for sale","5204 Glenmount St, Columbia, SC 29212","https://www.zillow.com/homedetails/5204-Glenmount-St-Columbia-SC-29212/11190794_zpid/"
"180","-1%","279900","277800","-2100","4","3","2363","118","House for sale","178 Vermillion Dr, Columbia, SC 29209","https://www.zillow.com/homedetails/178-Vermillion-Dr-Columbia-SC-29209/92393922_zpid/"
"181","-1%","119900","119000","-900","2","1","883","136","House for sale","517 Johnson Ave, Columbia, SC 29203","https://www.zillow.com/homedetails/517-Johnson-Ave-Columbia-SC-29203/11677971_zpid/"
"182","-1%","265000","263000","-2000","3","3","1698","156","House for sale","118 Long Ridge Dr, Columbia, SC 29229","https://www.zillow.com/homedetails/118-Long-Ridge-Dr-Columbia-SC-29229/11740867_zpid/"
"183","-1%","184000","182600","-1400","3","3","1655","111","Townhouse for sale","161 Jefferson Pl, Columbia, SC 29212","https://www.zillow.com/homedetails/161-Jefferson-Pl-Columbia-SC-29212/11192236_zpid/"
"184","-1%","210000","208400","-1600","2","2","1225","171","House for sale","19 Autumn Run Way, Columbia, SC 29229","https://www.zillow.com/homedetails/19-Autumn-Run-Way-Columbia-SC-29229/55195435_zpid/"
"185","-1%","249000","247100","-1900","3","2","1695","147","House for sale","409 Sheridan Dr, Columbia, SC 29223","https://www.zillow.com/homedetails/409-Sheridan-Dr-Columbia-SC-29223/11730955_zpid/"
"186","-1%","182000","180600","-1400","2","2","1092","167","House for sale","130 Thorn Tree Ln, Columbia, SC 29212","https://www.zillow.com/homedetails/130-Thorn-Tree-Ln-Columbia-SC-29212/61363201_zpid/"
"187","-1%","194900","193400","-1500","3","2","1548","126","House for sale","121 Moone Cross Dr, Columbia, SC 29209","https://www.zillow.com/homedetails/121-Moone-Cross-Dr-Columbia-SC-29209/11735977_zpid/"
"188","-1%","154900","153700","-1200","3","3","1260","123","House for sale","527 Summit Terrace Ct, Columbia, SC 29229","https://www.zillow.com/homedetails/527-Summit-Terrace-Ct-Columbia-SC-29229/71270983_zpid/"
"189","-1%","154900","153700","-1200","3","2","1119","138","House for sale","320 Sawtimber Ln, Columbia, SC 29209","https://www.zillow.com/homedetails/320-Sawtimber-Ln-Columbia-SC-29209/11735885_zpid/"
"190","-1%","244900","243000","-1900","3","2","1502","163","House for sale","231 Sparkleberry Ln, Columbia, SC 29229","https://www.zillow.com/homedetails/231-Sparkleberry-Ln-Columbia-SC-29229/11738035_zpid/"
"191","-1%","179900","178500","-1400","2","4","1092","165","House for sale","125 Deer Hound Trl, Columbia, SC 29223","https://www.zillow.com/homedetails/125-Deer-Hound-Trl-Columbia-SC-29223/55194906_zpid/"
"192","-1%","229900","228100","-1800","4","3","1828","126","House for sale","184 Springway Dr, Columbia, SC 29209","https://www.zillow.com/homedetails/184-Springway-Dr-Columbia-SC-29209/61363414_zpid/"
"193","-1%","299900","297500","-2400","4","3","2515","119","House for sale","10 Mystic Way Dr, Columbia, SC 29229","https://www.zillow.com/homedetails/10-Mystic-Way-Dr-Columbia-SC-29229/11741168_zpid/"
"194","-1%","199900","198300","-1600","3","2","1398","143","Townhouse for sale","200 Gate Post Ln, Columbia, SC 29223","https://www.zillow.com/homedetails/200-Gate-Post-Ln-Columbia-SC-29223/67601625_zpid/"
"195","-1%","224000","222200","-1800","3","3","1490","150","Townhouse for sale","23 Braiden Manor Rd, Columbia, SC 29209","https://www.zillow.com/homedetails/23-Braiden-Manor-Rd-Columbia-SC-29209/88003960_zpid/"
"196","-1%","209900","208200","-1700","3","3","1776","118","House for sale","2039 Cheltenham Ln, Columbia, SC 29223","https://www.zillow.com/homedetails/2039-Cheltenham-Ln-Columbia-SC-29223/11727454_zpid/"
"197","-1%","259000","256900","-2100","3","3","1560","166","House for sale","232 Fernview Dr, Columbia, SC 29229","https://www.zillow.com/homedetails/232-Fernview-Dr-Columbia-SC-29229/11741234_zpid/"
"198","-1%","169000","167600","-1400","3","1","1080","156","House for sale","1124 Robin Nest Rd, Columbia, SC 29223","https://www.zillow.com/homedetails/1124-Robin-Nest-Rd-Columbia-SC-29223/11719517_zpid/"
"199","-1%","204900","203200","-1700","3","2","1555","132","House for sale","6740 Frances St, Columbia, SC 29209","https://www.zillow.com/homedetails/6740-Frances-St-Columbia-SC-29209/11714995_zpid/"
"200","-1%","179000","177500","-1500","3","2","1076","166","House for sale","1513 Alpha Ct, Columbia, SC 29223","https://www.zillow.com/homedetails/1513-Alpha-Ct-Columbia-SC-29223/11726849_zpid/"
"201","-1%","154900","153600","-1300","3","1","1275","121","House for sale","7528 Terry St, Columbia, SC 29209","https://www.zillow.com/homedetails/7528-Terry-St-Columbia-SC-29209/11724287_zpid/"
"202","-1%","174900","173400","-1500","3","2","1422","123","House for sale","3915 Pearl St, Columbia, SC 29203","https://www.zillow.com/homedetails/3915-Pearl-St-Columbia-SC-29203/11676265_zpid/"
"203","-1%","299900","297300","-2600","4","3","2450","122","House for sale","7818 Exeter Ln, Columbia, SC 29223","https://www.zillow.com/homedetails/7818-Exeter-Ln-Columbia-SC-29223/11720655_zpid/"
"204","-1%","269000","266600","-2400","4","2","1657","162","House for sale","116 Clay Ridge Rd, Columbia, SC 29223","https://www.zillow.com/homedetails/116-Clay-Ridge-Rd-Columbia-SC-29223/71257693_zpid/"
"205","-1%","200000","198200","-1800","3","3","1488","134","House for sale","226 Curvewood Rd, Columbia, SC 29229","https://www.zillow.com/homedetails/226-Curvewood-Rd-Columbia-SC-29229/67615913_zpid/"
"206","-1%","209900","208000","-1900","4","3","2068","101","House for sale","708 Wilmette Rd, Columbia, SC 29203","https://www.zillow.com/homedetails/708-Wilmette-Rd-Columbia-SC-29203/11695922_zpid/"
"207","-1%","279000","276400","-2600","3","1","1104","253","House for sale","3714 Hydrangea St, Columbia, SC 29205","https://www.zillow.com/homedetails/3714-Hydrangea-St-Columbia-SC-29205/11698385_zpid/"
"208","-1%","214000","212000","-2000","3","3","1470","146","House for sale","149 Angel Garden Way, Columbia, SC 29223","https://www.zillow.com/homedetails/149-Angel-Garden-Way-Columbia-SC-29223/92396392_zpid/"
"209","-1%","299000","296200","-2800","5","3","2390","125","House for sale","146 Dunham Rd, Columbia, SC 29209","https://www.zillow.com/homedetails/146-Dunham-Rd-Columbia-SC-29209/2061751134_zpid/"
"210","-1%","159900","158400","-1500","3","1","1100","145","House for sale","306 Charleswood Dr, Columbia, SC 29223","https://www.zillow.com/homedetails/306-Charleswood-Dr-Columbia-SC-29223/11722501_zpid/"
"211","-1%","254000","251600","-2400","3","3","1770","144","House for sale","376 Eastfair Dr, Columbia, SC 29209","https://www.zillow.com/homedetails/376-Eastfair-Dr-Columbia-SC-29209/121819293_zpid/"
"212","-1%","200000","198100","-1900","4","2","1293","155","House for sale","6006 McMillan Cir, Columbia, SC 29212","https://www.zillow.com/homedetails/6006-McMillan-Cir-Columbia-SC-29212/11191370_zpid/"
"213","-1%","229900","227700","-2200","3","2","1498","153","House for sale","1622 Crestview Ave, Columbia, SC 29223","https://www.zillow.com/homedetails/1622-Crestview-Ave-Columbia-SC-29223/11720527_zpid/"
"214","-1%","239900","237600","-2300","2","2","1542","156","House for sale","40 Brooksby Ct, Columbia, SC 29209","https://www.zillow.com/homedetails/40-Brooksby-Ct-Columbia-SC-29209/88001243_zpid/"
"215","-1%","205000","203000","-2000","2","2","1293","159","House for sale","413 Autumn Run Cir, Columbia, SC 29229","https://www.zillow.com/homedetails/413-Autumn-Run-Cir-Columbia-SC-29229/61363824_zpid/"
"216","-1%","225000","222800","-2200","2","1","1060","212","House for sale","953 Texas St, Columbia, SC 29201","https://www.zillow.com/homedetails/953-Texas-St-Columbia-SC-29201/11682034_zpid/"
"217","-1%","265000","262400","-2600","3","2","2055","129","House for sale","135 Fox Squirrel Cir, Columbia, SC 29209","https://www.zillow.com/homedetails/135-Fox-Squirrel-Cir-Columbia-SC-29209/121964038_zpid/"
"218","-1%","210000","207900","-2100","3","2","1492","141","House for sale","307 Spartan Dr, Columbia, SC 29212","https://www.zillow.com/homedetails/307-Spartan-Dr-Columbia-SC-29212/11190825_zpid/"
"219","-1%","250000","247500","-2500","3","3","2066","121","House for sale","38 Dovecreek, Columbia, SC 29229","https://www.zillow.com/homedetails/38-Dovecreek-Columbia-SC-29229/11740999_zpid/"
"220","-1%","270000","267300","-2700","3","3","1940","139","House for sale","25 Heatherlaurel Ct, Columbia, SC 29223","https://www.zillow.com/homedetails/25-Heatherlaurel-Ct-Columbia-SC-29223/121964812_zpid/"
"221","-1%","289900","287000","-2900","3","3","1819","159","House for sale","230 Bishopgate Rd, Columbia, SC 29212","https://www.zillow.com/homedetails/230-Bishopgate-Rd-Columbia-SC-29212/11191942_zpid/"
"222","-1%","199900","197900","-2000","4","2","1256","159","House for sale","5666 Middleton Ct, Columbia, SC 29203","https://www.zillow.com/homedetails/5666-Middleton-Ct-Columbia-SC-29203/11693573_zpid/"
"223","-1%","219000","216800","-2200","3","3","1452","151","House for sale","196 Cottage Lake Way, Columbia, SC 29209","https://www.zillow.com/homedetails/196-Cottage-Lake-Way-Columbia-SC-29209/80994359_zpid/"
"224","-1%","227500","225200","-2300","3","2","1338","170","House for sale","301 Squire Rd, Columbia, SC 29223","https://www.zillow.com/homedetails/301-Squire-Rd-Columbia-SC-29223/11730437_zpid/"
"225","-1%","295000","292000","-3000","3","2","2061","143","House for sale","121 Frasier Bay Rd, Columbia, SC 29229","https://www.zillow.com/homedetails/121-Frasier-Bay-Rd-Columbia-SC-29229/55194138_zpid/"
"226","-1%","205000","202900","-2100","4","2","1368","150","House for sale","132 Fairlawn Ct, Columbia, SC 29203","https://www.zillow.com/homedetails/132-Fairlawn-Ct-Columbia-SC-29203/11713117_zpid/"
"227","-1%","125000","123700","-1300","3","1","981","127","House for sale","7653 Terry St, Columbia, SC 29209","https://www.zillow.com/homedetails/7653-Terry-St-Columbia-SC-29209/11724463_zpid/"
"228","-1%","249900","247300","-2600","3","3","1588","157","House for sale","407 Sesqui Trl, Columbia, SC 29223","https://www.zillow.com/homedetails/407-Sesqui-Trl-Columbia-SC-29223/11736909_zpid/"
"229","-1%","199900","197800","-2100","3","2","1312","152","House for sale","551 Seton Hall Dr, Columbia, SC 29223","https://www.zillow.com/homedetails/551-Seton-Hall-Dr-Columbia-SC-29223/11739516_zpid/"
"230","-1%","235000","232500","-2500","4","2","2078","113","House for sale","126 Burnsdowne Rd, Columbia, SC 29210","https://www.zillow.com/homedetails/126-Burnsdowne-Rd-Columbia-SC-29210/11194962_zpid/"
"231","-1%","215000","212700","-2300","3","3","1944","111","House for sale","6 Shadow Creek Ct, Columbia, SC 29209","https://www.zillow.com/homedetails/6-Shadow-Creek-Ct-Columbia-SC-29209/11734852_zpid/"
"232","-1%","280000","277000","-3000","3","3","1805","155","House for sale","9194 Windsor Lake Blvd, Columbia, SC 29223","https://www.zillow.com/homedetails/9194-Windsor-Lake-Blvd-Columbia-SC-29223/67615159_zpid/"
"233","-1%","195000","192900","-2100","3","1","1034","189","House for sale","2530 Marling Dr, Columbia, SC 29204","https://www.zillow.com/homedetails/2530-Marling-Dr-Columbia-SC-29204/11690118_zpid/"
"234","-1%","239900","237300","-2600","4","2","1830","131","House for sale","2027 Leesburg Rd, Columbia, SC 29209","https://www.zillow.com/homedetails/2027-Leesburg-Rd-Columbia-SC-29209/11725705_zpid/"
"235","-1%","295000","291800","-3200","3","3","1362","217","House for sale","521 S Bull St, Columbia, SC 29205","https://www.zillow.com/homedetails/521-S-Bull-St-Columbia-SC-29205/110227264_zpid/"
"236","-1%","174999","173100","-1899","2","2","1260","139","House for sale","12 Sea Hawk Ct, Columbia, SC 29203","https://www.zillow.com/homedetails/12-Sea-Hawk-Ct-Columbia-SC-29203/67409154_zpid/"
"237","-1%","230000","227500","-2500","3","2","1354","170","House for sale","213 Greemount Cir, Columbia, SC 29209","https://www.zillow.com/homedetails/213-Greemount-Cir-Columbia-SC-29209/92387659_zpid/"
"238","-1%","285000","281900","-3100","5","3","2147","133","House for sale","34 Nottingham Ct, Columbia, SC 29209","https://www.zillow.com/homedetails/34-Nottingham-Ct-Columbia-SC-29209/92394300_zpid/"
"239","-1%","275000","272000","-3000","4","3","1907","144","House for sale","129 Pond Oak Ln, Columbia, SC 29212","https://www.zillow.com/homedetails/129-Pond-Oak-Ln-Columbia-SC-29212/11669464_zpid/"
"240","-1%","165000","163200","-1800","2","2","1107","149","House for sale","527 Providence Crossing Dr, Columbia, SC 29203","https://www.zillow.com/homedetails/527-Providence-Crossing-Dr-Columbia-SC-29203/67618639_zpid/"
"241","-1%","144900","143300","-1600","3","1","1032","140","House for sale","328 Galbra St, Columbia, SC 29209","https://www.zillow.com/homedetails/328-Galbra-St-Columbia-SC-29209/11735855_zpid/"
"242","-1%","181000","179000","-2000","3","2","1325","137","House for sale","4100 Highland Park Dr, Columbia, SC 29204","https://www.zillow.com/homedetails/4100-Highland-Park-Dr-Columbia-SC-29204/11709967_zpid/"
"243","-1%","189900","187800","-2100","3","2","1170","162","House for sale","1731 Cermack St, Columbia, SC 29223","https://www.zillow.com/homedetails/1731-Cermack-St-Columbia-SC-29223/11719430_zpid/"
"244","-1%","235000","232400","-2600","3","2","1883","125","House for sale","7909 Sagebrook Rd, Columbia, SC 29223","https://www.zillow.com/homedetails/7909-Sagebrook-Rd-Columbia-SC-29223/11721847_zpid/"
"245","-1%","135000","133500","-1500","3","1","1014","133","House for sale","4615 Bluff Rd, Columbia, SC 29209","https://www.zillow.com/homedetails/4615-Bluff-Rd-Columbia-SC-29209/11696716_zpid/"
"246","-1%","189000","186900","-2100","2","3","1260","150","House for sale","1929 Bluff Rd Unit 115, Columbia, SC 29201","https://www.zillow.com/homedetails/1929-Bluff-Rd-UNIT-115-Columbia-SC-29201/92392303_zpid/"
"247","-1%","179900","177900","-2000","3","2","1394","129","House for sale","1015 Greenlawn Dr, Columbia, SC 29209","https://www.zillow.com/homedetails/1015-Greenlawn-Dr-Columbia-SC-29209/11715127_zpid/"
"248","-1%","239900","237200","-2700","3","2","1284","187","House for sale","245 Dove Park Rd, Columbia, SC 29223","https://www.zillow.com/homedetails/245-Dove-Park-Rd-Columbia-SC-29223/52114868_zpid/"
"249","-1%","229000","226400","-2600","3","3","1966","116","House for sale","112 Stanford St, Columbia, SC 29203","https://www.zillow.com/homedetails/112-Stanford-St-Columbia-SC-29203/11694639_zpid/"
"250","-1%","209900","207500","-2400","3","3","1440","146","House for sale","100 Cottage Lake Way, Columbia, SC 29209","https://www.zillow.com/homedetails/100-Cottage-Lake-Way-Columbia-SC-29209/81058247_zpid/"
"251","-1%","235000","232300","-2700","2","3","1260","187","Townhouse for sale","336 Byron Rd, Columbia, SC 29209","https://www.zillow.com/homedetails/336-Byron-Rd-Columbia-SC-29209/71270687_zpid/"
"252","-1%","225000","222400","-2600","2","2","1082","208","Townhouse for sale","115 Mulberry Ln, Columbia, SC 29201","https://www.zillow.com/homedetails/115-Mulberry-Ln-Columbia-SC-29201/11675577_zpid/"
"253","-1%","155000","153200","-1800","3","2","1164","133","House for sale","3805 Trotter Rd, Columbia, SC 29209","https://www.zillow.com/homedetails/3805-Trotter-Rd-Columbia-SC-29209/11735153_zpid/"
"254","-1%","272900","269700","-3200","3","2","1968","139","House for sale","217 Stockmoor Rd, Columbia, SC 29212","https://www.zillow.com/homedetails/217-Stockmoor-Rd-Columbia-SC-29212/11187977_zpid/"
"255","-1%","195000","192700","-2300","3","2","1025","190","House for sale","4243 Mandel Dr, Columbia, SC 29210","https://www.zillow.com/homedetails/4243-Mandel-Dr-Columbia-SC-29210/11671261_zpid/"
"256","-1%","184900","182700","-2200","2","1","1020","181","House for sale","1201 Sycamore Ave, Columbia, SC 29203","https://www.zillow.com/homedetails/1201-Sycamore-Ave-Columbia-SC-29203/11679597_zpid/"
"257","-1%","260000","256900","-3100","4","3","2764","94","House for sale","1960 Drexel Lake Dr, Columbia, SC 29223","https://www.zillow.com/homedetails/1960-Drexel-Lake-Dr-Columbia-SC-29223/11727621_zpid/"
"258","-1%","155000","153100","-1900","2","1","725","214","House for sale","2815 Wesley Dr, Columbia, SC 29204","https://www.zillow.com/homedetails/2815-Wesley-Dr-Columbia-SC-29204/11689778_zpid/"
"259","-1%","277000","273600","-3400","3","2","1484","187","House for sale","9 Twin Oaks Cir, Columbia, SC 29209","https://www.zillow.com/homedetails/9-Twin-Oaks-Cir-Columbia-SC-29209/11734927_zpid/"
"260","-1%","169900","167800","-2100","3","3","1556","109","Townhouse for sale","1158 Cloister Pl, Columbia, SC 29210","https://www.zillow.com/homedetails/1158-Cloister-Pl-Columbia-SC-29210/11670737_zpid/"
"261","-1%","290000","286400","-3600","3","2","1883","154","House for sale","3109 Downes Grove Rd, Columbia, SC 29209","https://www.zillow.com/homedetails/3109-Downes-Grove-Rd-Columbia-SC-29209/11726213_zpid/"
"262","-1%","230000","227100","-2900","3","2","1200","192","House for sale","2012 Bolt Dr, Anderson, SC 29621","https://www.zillow.com/homedetails/2012-Bolt-Dr-Anderson-SC-29621/10795640_zpid/"
"263","-1%","230000","227100","-2900","2","2","1108","208","House for sale","619 Teardrop Ln, Columbia, SC 29229","https://www.zillow.com/homedetails/619-Teardrop-Ln-Columbia-SC-29229/118550071_zpid/"
"264","-1%","170000","167800","-2200","3","2","1686","101","House for sale","8416 Little John Dr, Columbia, SC 29209","https://www.zillow.com/homedetails/8416-Little-John-Dr-Columbia-SC-29209/11724146_zpid/"
"265","-1%","168500","166300","-2200","2","2","1040","162","House for sale","54 Monmouth Ct, Columbia, SC 29209","https://www.zillow.com/homedetails/54-Monmouth-Ct-Columbia-SC-29209/88002336_zpid/"
"266","-1%","280000","276300","-3700","3","2","2030","138","House for sale","112 Chippenham Cir, Columbia, SC 29210","https://www.zillow.com/homedetails/112-Chippenham-Cir-Columbia-SC-29210/11196626_zpid/"
"267","-1%","193500","190900","-2600","4","2","1604","121","House for sale","1703 Alba Dr, Columbia, SC 29209","https://www.zillow.com/homedetails/1703-Alba-Dr-Columbia-SC-29209/11725116_zpid/"
"268","-1%","139900","138000","-1900","3","2","1170","120","House for sale","3521 Ragsdale Dr, Columbia, SC 29209","https://www.zillow.com/homedetails/3521-Ragsdale-Dr-Columbia-SC-29209/11735686_zpid/"
"269","-1%","205000","202200","-2800","3","2","1355","151","House for sale","1328 Baffin Bay Rd, Columbia, SC 29212","https://www.zillow.com/homedetails/1328-Baffin-Bay-Rd-Columbia-SC-29212/11195883_zpid/"
"270","-1%","175000","172600","-2400","3","2","1440","122","Townhouse for sale","6 Crescent Ln, Columbia, SC 29212","https://www.zillow.com/homedetails/6-Crescent-Ln-Columbia-SC-29212/11188389_zpid/"
"271","-1%","174500","172100","-2400","2","2","1092","160","House for sale","33 Heritage Village Ln, Columbia, SC 29212","https://www.zillow.com/homedetails/33-Heritage-Village-Ln-Columbia-SC-29212/11671786_zpid/"
"272","-1%","265000","261300","-3700","2","2","1510","175","House for sale","116 Patio Pl, Columbia, SC 29212","https://www.zillow.com/homedetails/116-Patio-Pl-Columbia-SC-29212/11668808_zpid/"
"273","-1%","299000","294800","-4200","5","3","2434","123","House for sale","2054 Elmridge Rd, Columbia, SC 29209","https://www.zillow.com/homedetails/2054-Elmridge-Rd-Columbia-SC-29209/2067481982_zpid/"
"274","-1%","299900","295600","-4300","4","2","2457","122","House for sale","311 Lockner Rd, Columbia, SC 29212","https://www.zillow.com/homedetails/311-Lockner-Rd-Columbia-SC-29212/11191009_zpid/"
"275","-1%","229999","226700","-3299","3","2","1918","120","House for sale","1515 Rushmore Rd, Columbia, SC 29210","https://www.zillow.com/homedetails/1515-Rushmore-Rd-Columbia-SC-29210/11673179_zpid/"
"276","-1%","250000","246400","-3600","3","2","2346","107","House for sale","1802 Fairhaven Dr, Columbia, SC 29210","https://www.zillow.com/homedetails/1802-Fairhaven-Dr-Columbia-SC-29210/11670053_zpid/"
"277","-1%","235000","231600","-3400","3","2","1921","122","House for sale","9505 Puritan Rd, Columbia, SC 29209","https://www.zillow.com/homedetails/9505-Puritan-Rd-Columbia-SC-29209/11724800_zpid/"
"278","-1%","239900","236400","-3500","4","3","1400","171","House for sale","9429 S Chelsea Rd, Columbia, SC 29223","https://www.zillow.com/homedetails/9429-S-Chelsea-Rd-Columbia-SC-29223/11728224_zpid/"
"279","-1%","279000","274900","-4100","3","3","1702","164","House for sale","1033 Glencroft Drive, Columbia, SC 29210","https://www.zillow.com/homedetails/1033-Glencroft-Dr-Columbia-SC-29210/92391323_zpid/"
"280","-2%","250000","246300","-3700","3","2","1202","208","House for sale","228 Rolling Rock Rd, Columbia, SC 29212","https://www.zillow.com/homedetails/228-Rolling-Rock-Rd-Columbia-SC-29212/50896985_zpid/"
"281","-2%","174999","172400","-2599","3","1","1107","158","House for sale","108 Waterford Dr, Columbia, SC 29203","https://www.zillow.com/homedetails/108-Waterford-Dr-Columbia-SC-29203/11674865_zpid/"
"282","-2%","214900","211700","-3200","3","2","1982","108","House for sale","241 Chartwell Rd, Columbia, SC 29210","https://www.zillow.com/homedetails/241-Chartwell-Rd-Columbia-SC-29210/11669997_zpid/"
"283","-2%","225000","221600","-3400","3","2","1209","186","House for sale","1803 Cermack St, Columbia, SC 29223","https://www.zillow.com/homedetails/1803-Cermack-St-Columbia-SC-29223/11719434_zpid/"
"284","-2%","230000","226500","-3500","3","2","1472","156","House for sale","2113 Kathleen Dr, Columbia, SC 29210","https://www.zillow.com/homedetails/2113-Kathleen-Dr-Columbia-SC-29210/11674422_zpid/"
"285","-2%","274900","270700","-4200","3","2","1080","255","House for sale","2584 Cherry St, Columbia, SC 29205","https://www.zillow.com/homedetails/2584-Cherry-St-Columbia-SC-29205/11687459_zpid/"
"286","-2%","199900","196800","-3100","3","2","1352","148","House for sale","3725 Harrogate Rd, Columbia, SC 29210","https://www.zillow.com/homedetails/3725-Harrogate-Rd-Columbia-SC-29210/11201488_zpid/"
"287","-2%","199900","196800","-3100","3","3","1828","109","House for sale","30 Ward Ct, Columbia, SC 29223","https://www.zillow.com/homedetails/30-Ward-Ct-Columbia-SC-29223/11711308_zpid/"
"288","-2%","255000","251000","-4000","3","3","1592","160","House for sale","38 Cardington Ct, Columbia, SC 29209","https://www.zillow.com/homedetails/38-Cardington-Ct-Columbia-SC-29209/11726171_zpid/"
"289","-2%","254900","250900","-4000","3","2","2052","124","House for sale","101 Bosworth Field Rd, Columbia, SC 29212","https://www.zillow.com/homedetails/101-Bosworth-Field-Rd-Columbia-SC-29212/11188194_zpid/"
"290","-2%","240000","236200","-3800","3","2","1366","176","House for sale","140 Twin Oaks Ln, Columbia, SC 29209","https://www.zillow.com/homedetails/140-Twin-Oaks-Ln-Columbia-SC-29209/11734932_zpid/"
"291","-2%","211250","207900","-3350","3","3","1574","134","House for sale","145 Angel Garden Way, Columbia, SC 29223","https://www.zillow.com/homedetails/145-Angel-Garden-Way-Columbia-SC-29223/92396117_zpid/"
"292","-2%","156500","154000","-2500","3","2","2284","69","House for sale","190 Morningside Dr, Columbia, SC 29210","https://www.zillow.com/homedetails/190-Morningside-Dr-Columbia-SC-29210/11670789_zpid/"
"293","-2%","199900","196700","-3200","3","2","1652","121","House for sale","1000 Coatesdale Rd, Columbia, SC 29209","https://www.zillow.com/homedetails/1000-Coatesdale-Rd-Columbia-SC-29209/11714480_zpid/"
"294","-2%","179999","177100","-2899","2","2","1100","164","House for sale","41 Heritage Village Ln, Columbia, SC 29212","https://www.zillow.com/homedetails/41-Heritage-Village-Ln-Columbia-SC-29212/11671790_zpid/"
"295","-2%","260000","255800","-4200","4","3","2224","117","House for sale","137 Canterfield Rd, Columbia, SC 29212","https://www.zillow.com/homedetails/137-Canterfield-Rd-Columbia-SC-29212/11191994_zpid/"
"296","-2%","245000","241000","-4000","3","2","1830","134","House for sale","119 Bosworth Field Ct, Columbia, SC 29212","https://www.zillow.com/homedetails/119-Bosworth-Field-Ct-Columbia-SC-29212/11188176_zpid/"
"297","-2%","257000","252800","-4200","3","2","1800","143","House for sale","219 Finsbury Rd, Columbia, SC 29212","https://www.zillow.com/homedetails/219-Finsbury-Rd-Columbia-SC-29212/11188219_zpid/"
"298","-2%","179000","176000","-3000","3","2","1032","173","House for sale","219 Dixon Dr, Columbia, SC 29203","https://www.zillow.com/homedetails/219-Dixon-Dr-Columbia-SC-29203/11712156_zpid/"
"299","-2%","164900","162100","-2800","3","2","1407","117","Townhouse for sale","1111 Cloister Pl, Columbia, SC 29210","https://www.zillow.com/homedetails/1111-Cloister-Pl-Columbia-SC-29210/11670717_zpid/"
"300","-2%","239900","235800","-4100","3","2","1888","127","House for sale","311 Spartan Dr, Columbia, SC 29212","https://www.zillow.com/homedetails/311-Spartan-Dr-Columbia-SC-29212/11190824_zpid/"
"301","-2%","229000","225000","-4000","2","2","1617","142","House for sale","48 Castle Cary Ct, Columbia, SC 29209","https://www.zillow.com/homedetails/48-Castle-Cary-Ct-Columbia-SC-29209/88011122_zpid/"
"302","-2%","240000","235800","-4200","3","2","1528","157","House for sale","301 Tendrill Ct, Columbia, SC 29210","https://www.zillow.com/homedetails/301-Tendrill-Ct-Columbia-SC-29210/11196739_zpid/"
"303","-2%","179900","176700","-3200","4","3","3067","59","House for sale","1517 N Woodstream Rd, Columbia, SC 29212","https://www.zillow.com/homedetails/1517-N-Woodstream-Rd-Columbia-SC-29212/11191685_zpid/"
"304","-2%","149000","146300","-2700","3","2","1344","111","House for sale","4521 Corbett St, Columbia, SC 29209","https://www.zillow.com/homedetails/4521-Corbett-St-Columbia-SC-29209/11696845_zpid/"
"305","-2%","159500","156600","-2900","2","2","1500","106","Townhouse for sale","4 Gardenwood Ct, Columbia, SC 29209","https://www.zillow.com/homedetails/4-Gardenwood-Ct-Columbia-SC-29209/11734861_zpid/"
"306","-2%","255000","250300","-4700","3","2","1695","150","House for sale","138 Morningside Dr, Columbia, SC 29210","https://www.zillow.com/homedetails/138-Morningside-Dr-Columbia-SC-29210/11670796_zpid/"
"307","-2%","285900","280600","-5300","3","2","1826","157","House for sale","326 Townes Rd, Columbia, SC 29210","https://www.zillow.com/homedetails/326-Townes-Rd-Columbia-SC-29210/11195218_zpid/"
"308","-2%","289900","284500","-5400","3","3","1871","155","House for sale","5912 Yorkshire Dr, Columbia, SC 29209","https://www.zillow.com/homedetails/5912-Yorkshire-Dr-Columbia-SC-29209/11716295_zpid/"
"309","-2%","299900","294300","-5600","3","2","1949","154","House for sale","2711 N Beltline Blvd, Columbia, SC 29204","https://www.zillow.com/homedetails/2711-N-Beltline-Blvd-Columbia-SC-29204/11705812_zpid/"
"310","-2%","269000","263900","-5100","4","2","1716","157","House for sale","266 Chippewa Dr, Columbia, SC 29210","https://www.zillow.com/homedetails/266-Chippewa-Dr-Columbia-SC-29210/11670160_zpid/"
"311","-2%","204900","201000","-3900","3","2","1408","146","House for sale","1437 Aralia Dr, Columbia, SC 29205","https://www.zillow.com/homedetails/1437-Aralia-Dr-Columbia-SC-29205/11698436_zpid/"
"312","-2%","215000","210900","-4100","3","2","1234","174","House for sale","3208 Bush River Rd, Columbia, SC 29210","https://www.zillow.com/homedetails/3208-Bush-River-Rd-Columbia-SC-29210/11199909_zpid/"
"313","-2%","280000","274600","-5400","3","2","2029","138","House for sale","3944 Hickory St, Columbia, SC 29205","https://www.zillow.com/homedetails/3944-Hickory-St-Columbia-SC-29205/11698869_zpid/"
"314","-2%","229900","225400","-4500","4","2","2016","114","House for sale","413 Seton Hall Dr, Columbia, SC 29223","https://www.zillow.com/homedetails/413-Seton-Hall-Dr-Columbia-SC-29223/11732137_zpid/"
"315","-2%","274900","269500","-5400","3","2","2130","129","House for sale","2309 Cunningham Rd, Columbia, SC 29210","https://www.zillow.com/homedetails/2309-Cunningham-Rd-Columbia-SC-29210/11674367_zpid/"
"316","-2%","175000","171500","-3500","2","2","1266","138","Townhouse for sale","1910 Greenoaks Rd APT A, Columbia, SC 29206","https://www.zillow.com/homedetails/1910-Greenoaks-Rd-APT-A-Columbia-SC-29206/2054609943_zpid/"
"317","-2%","165000","161700","-3300","3","2","1260","131","House for sale","3224 Bronx Rd, Columbia, SC 29204","https://www.zillow.com/homedetails/3224-Bronx-Rd-Columbia-SC-29204/11692749_zpid/"
"318","-2%","144900","141900","-3000","4","2","1570","92","House for sale","137 Green Tree Dr, Columbia, SC 29203","https://www.zillow.com/homedetails/137-Green-Tree-Dr-Columbia-SC-29203/11695625_zpid/"
"319","-2%","224900","220200","-4700","3","2","1781","126","House for sale","960 Zimalcrest Dr, Columbia, SC 29210","https://www.zillow.com/homedetails/960-Zimalcrest-Dr-Columbia-SC-29210/300044230_zpid/"
"320","-2%","199900","195700","-4200","2","2","1442","139","House for sale","4100 Boxwood Dr, Columbia, SC 29205","https://www.zillow.com/homedetails/4100-Boxwood-Dr-Columbia-SC-29205/11698485_zpid/"
"321","-2%","290000","283900","-6100","4","2","2033","143","House for sale","1115 Gardendale Dr, Columbia, SC 29210","https://www.zillow.com/homedetails/1115-Gardendale-Dr-Columbia-SC-29210/11201117_zpid/"
"322","-2%","170000","166400","-3600","2","2","1092","156","House for sale","29 Hampton Oaks Pl, Columbia, SC 29212","https://www.zillow.com/homedetails/29-Hampton-Oaks-Pl-Columbia-SC-29212/55192904_zpid/"
"323","-2%","245000","239800","-5200","5","3","3046","80","House for sale","201 Sandhurst Rd, Columbia, SC 29210","https://www.zillow.com/homedetails/201-Sandhurst-Rd-Columbia-SC-29210/11194979_zpid/"
"324","-2%","149900","146600","-3300","3","1","1020","147","House for sale","408 Todd Branch Dr, Columbia, SC 29223","https://www.zillow.com/homedetails/408-Todd-Branch-Dr-Columbia-SC-29223/11728501_zpid/"
"325","-2%","195000","190600","-4400","3","2","1770","110","House for sale","109 Christian St, Columbia, SC 29203","https://www.zillow.com/homedetails/109-Christian-St-Columbia-SC-29203/11710175_zpid/"
"326","-2%","149900","146500","-3400","3","2","1005","149","House for sale","109 Oakley Dr, Columbia, SC 29223","https://www.zillow.com/homedetails/109-Oakley-Dr-Columbia-SC-29223/11710725_zpid/"
"327","-2%","299900","292800","-7100","2","2","1667","180","House for sale","145 Patio Pl, Columbia, SC 29212","https://www.zillow.com/homedetails/145-Patio-Pl-Columbia-SC-29212/11668720_zpid/"
"328","-2%","299900","292800","-7100","3","3","2061","146","House for sale","808 Kingsbridge Rd, Columbia, SC 29210","https://www.zillow.com/homedetails/808-Kingsbridge-Rd-Columbia-SC-29210/11200048_zpid/"
"329","-2%","279900","273100","-6800","3","2","1836","152","House for sale","525 Pittsdowne Rd, Columbia, SC 29210","https://www.zillow.com/homedetails/525-Pittsdowne-Rd-Columbia-SC-29210/11195337_zpid/"
"330","-3%","185000","180000","-5000","3","2","1422","130","House for sale","7604 Edgewater Dr, Columbia, SC 29223","https://www.zillow.com/homedetails/7604-Edgewater-Dr-Columbia-SC-29223/11721310_zpid/"
"331","-3%","209900","204200","-5700","2","1","1121","187","House for sale","2434 Paxton St, Columbia, SC 29204","https://www.zillow.com/homedetails/2434-Paxton-St-Columbia-SC-29204/11692363_zpid/"
"332","-3%","145000","141000","-4000","2","1","960","151","House for sale","4723 Linden St, Columbia, SC 29203","https://www.zillow.com/homedetails/4723-Linden-St-Columbia-SC-29203/11680212_zpid/"
"333","-3%","199000","193000","-6000","2","3","976","204","House for sale","1909 Mitchell St, Columbia, SC 29205","https://www.zillow.com/homedetails/1909-Mitchell-St-Columbia-SC-29205/11682441_zpid/"
"334","-3%","104900","101700","-3200","2","1","818","128","House for sale","835 Denny Rd, Columbia, SC 29203","https://www.zillow.com/homedetails/835-Denny-Rd-Columbia-SC-29203/11674781_zpid/"
"335","-3%","150000","145400","-4600","3","1","1005","149","House for sale","3929 Trotter Rd, Columbia, SC 29209","https://www.zillow.com/homedetails/3929-Trotter-Rd-Columbia-SC-29209/11735278_zpid/"
"336","-3%","259000","251000","-8000","2","2","1200","216","House for sale","2201 Kennedy St, Columbia, SC 29205","https://www.zillow.com/homedetails/2201-Kennedy-St-Columbia-SC-29205/11682613_zpid/"
"337","-3%","118000","114300","-3700","2","3","1900","62","Townhouse for sale","1400 Cactus Ave, Columbia, SC 29210","https://www.zillow.com/homedetails/1400-Cactus-Ave-Columbia-SC-29210/11671988_zpid/"
"338","-3%","135000","130500","-4500","3","1","1012","133","House for sale","5525 Randall Ave, Columbia, SC 29203","https://www.zillow.com/homedetails/5525-Randall-Ave-Columbia-SC-29203/11693266_zpid/"
"339","-4%","143000","138100","-4900","3","1","1356","105","House for sale","3408 Belvedere Dr, Columbia, SC 29204","https://www.zillow.com/homedetails/3408-Belvedere-Dr-Columbia-SC-29204/11692686_zpid/"
"340","-4%","235000","226700","-8300","3","2","1700","138","House for sale","647 Delverton Rd, Columbia, SC 29203","https://www.zillow.com/homedetails/647-Delverton-Rd-Columbia-SC-29203/11680281_zpid/"
"341","-4%","149900","144600","-5300","3","1","998","150","House for sale","409 Todd Branch Dr, Columbia, SC 29223","https://www.zillow.com/homedetails/409-Todd-Branch-Dr-Columbia-SC-29223/11728524_zpid/"
"342","-4%","127000","122500","-4500","3","1","1756","72","House for sale","1602 Conestoga Cir, Columbia, SC 29223","https://www.zillow.com/homedetails/1602-Conestoga-Cir-Columbia-SC-29223/11719374_zpid/"
"343","-4%","155000","149500","-5500","2","1","675","230","House for sale","2713 Trull St, Columbia, SC 29204","https://www.zillow.com/homedetails/2713-Trull-St-Columbia-SC-29204/11690350_zpid/"
"344","-4%","124000","119400","-4600","3","1","978","127","House for sale","2112 Academy St, Columbia, SC 29203","https://www.zillow.com/homedetails/2112-Academy-St-Columbia-SC-29203/300045324_zpid/"
"345","-4%","230000","221300","-8700","3","3","1802","128","House for sale","409 Wilkes Rd, Columbia, SC 29203","https://www.zillow.com/homedetails/409-Wilkes-Rd-Columbia-SC-29203/11710435_zpid/"
"346","-4%","190000","182100","-7900","4","3","2208","86","House for sale","516 Lakeside Ave, Columbia, SC 29203","https://www.zillow.com/homedetails/516-Lakeside-Ave-Columbia-SC-29203/11679073_zpid/"
"347","-5%","59900","57100","-2800","3","2","1350","44","Townhouse for sale","4724 Leaf Crest Ct, Columbia, SC 29210","https://www.zillow.com/homedetails/4724-Leaf-Crest-Ct-Columbia-SC-29210/11671907_zpid/"
"348","-5%","229900","218800","-11100","3","2","1568","147","House for sale","5802 McMillan Cir, Columbia, SC 29212","https://www.zillow.com/homedetails/5802-McMillan-Cir-Columbia-SC-29212/11191386_zpid/"
"349","-7%","200000","187300","-12700","4","2","1761","114","House for sale","924 Stebondale Rd, Columbia, SC 29203","https://www.zillow.com/homedetails/924-Stebondale-Rd-Columbia-SC-29203/11692867_zpid/"
"350","-7%","149900","140200","-9700","2","1","1024","146","House for sale","2629 Magnolia St, Columbia, SC 29204","https://www.zillow.com/homedetails/2629-Magnolia-St-Columbia-SC-29204/11689472_zpid/"
"351","-8%","168000","156200","-11800","2","4","1120","150","House for sale","141 Wincay Rd, Columbia, SC 29223","https://www.zillow.com/homedetails/141-Wincay-Rd-Columbia-SC-29223/71270824_zpid/"
"352","-8%","235000","217300","-17700","3","2","1558","151","House for sale","562 Buckhaven Way, Columbia, SC 29229","https://www.zillow.com/homedetails/562-Buckhaven-Way-Columbia-SC-29229/121972270_zpid/"
"353","-14%","249000","218700","-30300","3","1","1135","219","House for sale","1901 Glenwood Rd, Columbia, SC 29204","https://www.zillow.com/homedetails/1901-Glenwood-Rd-Columbia-SC-29204/11705329_zpid/"
"354","-14%","250000","218700","-31300","3","3","1437","174","Townhouse for sale","126 Baysdale Dr, Columbia, SC 29229","https://www.zillow.com/homedetails/126-Baysdale-Dr-Columbia-SC-29229/110227097_zpid/"
"355","-23%","150000","122100","-27900","3","2","1247","120","Townhouse for sale","29 Battery Walk Ct, Columbia, SC 29212","https://www.zillow.com/homedetails/29-Battery-Walk-Ct-Columbia-SC-29212/2101663601_zpid/"
"356","-50%","99000","65800","-33200","3","2","1300","76","Townhouse for sale","385 Hickory Hill Dr, Columbia, SC 29210","https://www.zillow.com/homedetails/385-Hickory-Hill-Dr-Columbia-SC-29210/11671493_zpid/"
"357","-195%","179000","60700","-118300","3","1","840","213","House for sale","2912 Chestnut St, Columbia, SC 29204","https://www.zillow.com/homedetails/2912-Chestnut-St-Columbia-SC-29204/11689279_zpid/"