"Rank","Flag","Equity%","DaysOnMkt","Price","Zestimate","EstSpread","Beds","Baths","SqFt","Type","Address","ZillowURL"
"1","EQUITY 47%","47%","1","35000","65600","30600","2","0","672","House for sale","1515 Hatcher Dr, Columbia, SC 29203","https://www.zillow.com/homedetails/1515-Hatcher-Dr-Columbia-SC-29203/11694494_zpid/"
"2","EQUITY 26%","26%","6","170000","229400","59400","5","2","1200","House for sale","3961 Live Oak St, Columbia, SC 29205","https://www.zillow.com/homedetails/3961-Live-Oak-St-Columbia-SC-29205/11698835_zpid/"
"3","EQUITY 24%","24%","5","179900","236900","57000","4","2","1900","House for sale","616 Amberley Rd, Columbia, SC 29203","https://www.zillow.com/homedetails/616-Amberley-Rd-Columbia-SC-29203/11680383_zpid/"
"4","EQUITY 23%","23%","4","99000","128700","29700","4","2","1170","House for sale","400 Green Tree Cir, Columbia, SC 29203","https://www.zillow.com/homedetails/400-Green-Tree-Cir-Columbia-SC-29203/11695603_zpid/"
"5","STALE 89d","-1%","89","265000","263600","-1400","3","3","1703","House for sale","249 Knight Valley Cir, Columbia, SC 29209","https://www.zillow.com/homedetails/249-Knight-Valley-Cir-Columbia-SC-29209/121953731_zpid/"
"6","STALE 89d","-1%","89","270000","267300","-2700","3","3","1940","House for sale","25 Heatherlaurel Ct, Columbia, SC 29223","https://www.zillow.com/homedetails/25-Heatherlaurel-Ct-Columbia-SC-29223/121964812_zpid/"
"7","STALE 89d","","89","279000","","","4","3","2268","House for sale","466 Robins Egg Dr, Columbia, SC 29229","https://www.zillow.com/homedetails/466-Robins-Egg-Dr-Columbia-SC-29229/88007353_zpid/"
"8","STALE 88d","","88","240000","","","4","2","1982","House for sale","314 Leton Dr, Columbia, SC 29210","https://www.zillow.com/homedetails/314-Leton-Dr-Columbia-SC-29210/11194576_zpid/"
"9","STALE 88d","","88","259000","","","4","3","1906","House for sale","412 Bombing Range Rd, Columbia, SC 29229","https://www.zillow.com/homedetails/412-Bombing-Range-Rd-Columbia-SC-29229/62990930_zpid/"
"10","STALE 87d","-1%","87","249900","248300","-1600","3","2","1800","House for sale","217 S Shields Rd, Columbia, SC 29223","https://www.zillow.com/homedetails/217-S-Shields-Rd-Columbia-SC-29223/11729439_zpid/"
"11","STALE 87d","0%","87","189900","189800","-100","3","2","1118","House for sale","200 Kingston Trace Rd, Columbia, SC 29229","https://www.zillow.com/homedetails/200-Kingston-Trace-Rd-Columbia-SC-29229/62990915_zpid/"
"12","STALE 87d","-1%","87","119900","119000","-900","2","1","883","House for sale","517 Johnson Ave, Columbia, SC 29203","https://www.zillow.com/homedetails/517-Johnson-Ave-Columbia-SC-29203/11677971_zpid/"
"13","STALE 87d","-1%","87","227500","225200","-2300","3","2","1338","House for sale","301 Squire Rd, Columbia, SC 29223","https://www.zillow.com/homedetails/301-Squire-Rd-Columbia-SC-29223/11730437_zpid/"
"14","STALE 87d","0%","87","164900","164500","-400","3","2","1254","House for sale","1826 Overhill Rd, Columbia, SC 29223","https://www.zillow.com/homedetails/1826-Overhill-Rd-Columbia-SC-29223/11720346_zpid/"
"15","STALE 86d","-1%","86","155000","153100","-1900","2","1","725","House for sale","2815 Wesley Dr, Columbia, SC 29204","https://www.zillow.com/homedetails/2815-Wesley-Dr-Columbia-SC-29204/11689778_zpid/"
"16","STALE 86d","-3%","86","135000","130500","-4500","3","1","1012","House for sale","5525 Randall Ave, Columbia, SC 29203","https://www.zillow.com/homedetails/5525-Randall-Ave-Columbia-SC-29203/11693266_zpid/"
"17","STALE 86d","-1%","86","280000","277000","-3000","3","3","1805","House for sale","9194 Windsor Lake Blvd, Columbia, SC 29223","https://www.zillow.com/homedetails/9194-Windsor-Lake-Blvd-Columbia-SC-29223/67615159_zpid/"
"18","STALE 86d","0%","86","219000","218000","-1000","3","2","1150","House for sale","3652 Hoyt St, Columbia, SC 29223","https://www.zillow.com/homedetails/3652-Hoyt-St-Columbia-SC-29223/11711720_zpid/"
"19","STALE 85d","-1%","85","205000","203800","-1200","2","2","1348","House for sale","205 Twin Oaks Ln, Columbia, SC 29209","https://www.zillow.com/homedetails/205-Twin-Oaks-Ln-Columbia-SC-29209/55194647_zpid/"
"20","STALE 85d","","85","271000","","","3","3","2161","House for sale","217 Branchview Dr, Columbia, SC 29229","https://www.zillow.com/homedetails/217-Branchview-Dr-Columbia-SC-29229/55195744_zpid/"
"21","STALE 85d","-1%","85","230000","228400","-1600","3","2","1688","House for sale","1531 Alma Rd, Columbia, SC 29209","https://www.zillow.com/homedetails/1531-Alma-Rd-Columbia-SC-29209/11715547_zpid/"
"22","STALE 85d","","85","224990","","","4","3","1624","House for sale","1022 Sandpiper Ln, Columbia, SC 29203","https://www.zillow.com/homedetails/1022-Sandpiper-Ln-Columbia-SC-29203/11680735_zpid/"
"23","STALE 83d","-1%","83","299000","296200","-2800","5","3","2390","House for sale","146 Dunham Rd, Columbia, SC 29209","https://www.zillow.com/homedetails/146-Dunham-Rd-Columbia-SC-29209/2061751134_zpid/"
"24","STALE 81d","-1%","81","200000","198100","-1900","4","2","1293","House for sale","6006 McMillan Cir, Columbia, SC 29212","https://www.zillow.com/homedetails/6006-McMillan-Cir-Columbia-SC-29212/11191370_zpid/"
"25","STALE 81d","-4%","81","143000","138100","-4900","3","1","1356","House for sale","3408 Belvedere Dr, Columbia, SC 29204","https://www.zillow.com/homedetails/3408-Belvedere-Dr-Columbia-SC-29204/11692686_zpid/"
"26","STALE 81d","-2%","81","229000","225000","-4000","2","2","1617","House for sale","48 Castle Cary Ct, Columbia, SC 29209","https://www.zillow.com/homedetails/48-Castle-Cary-Ct-Columbia-SC-29209/88011122_zpid/"