Record ID,Deal Name
329879084767,"83 Bryn Mawr Ave, Trenton, NJ 08618"
329876929242,"218 Sanhican Dr, Trenton, NJ 08618"
329873965765,"155 Locust Ave W, Hamilton, NJ 08610"
329774822099,"153 Knapp Ave, Hamilton, NJ 08610"
329774822101,"27 Marshall Ave W, Hamilton, NJ 08610"
329774822100,"189 Regina Ave, Hamilton, NJ 08619"
329873965766,"10 Stacey Ave, Trenton, NJ 08618"
329879084765,"189 Mercer St, Hamilton, NJ 08690"
329879084764,"2951 Blackfish Rd, Johns Island, SC 29455"
329879092963,"90 Grandview Ave, Hamilton, NJ 08620"
329879084766,"2666 Olympia Ave, North Charleston, SC 29405"
329879100119,"20 Doreen Rd, Hamilton, NJ 08690"
329878953671,"609 Chestnut Ave, Trenton, NJ 08611"
329785985734,"1521 Hamilton Ave, Hamilton, NJ 08629"
329870185182,"16 Carroll St, Trenton, NJ 08609"
329873954550,"24 Evans Ave, Trenton, NJ 08638"
329870185181,"9 Vicky Ct, Hamilton, NJ 08610"
329873954552,"156 Washington St, Trenton, NJ 08611"
329873954551,"1327 N And South Rd, Charleston, SC 29412"
329879045878,"3326 Jules Dr, Johns Island, SC 29455"
329878953670,"131 Hoffman Ave, Trenton, NJ 08618"
329879045877,"133 Cornwall Ave, Trenton, NJ 08618"
329785985735,"784 Yardville Hamilton Sq, Trenton, NJ 08691"
329622516451,"13 Winding Way, Trenton, NJ 08620"
329866411712,"240 Mason Ave, Hamilton, NJ 08610"
329785985733,"78 Liberty St, Trenton, NJ 08611"
329622516450,"717 Tahoe St, Charleston, SC 29407"
