Rank,Address,City,ST,Zip,Bd/Ba,SqFt,Listed_ARV,Est_Repairs,OPENING_OFFER,Sec_Deposit_5pct(open),MAX_OFFER(MAO),Sec_Deposit_5pct(max),Days_to_Cancel,Days_to_Close,Watchers,Auction_End,URL
1,8330 NW 53rd St,Lauderhill,FL,33351,3/2,1849,500000,64715,151500,7575,275500,13775,10,30,81,"Tue, Jun 23, 2026 · 10:00 AM",https://federa.com/property/0dfef1fe-06be-4ed0-821d-01ddbeabd6fc
2,12244 Castle Pines Road,Boynton Beach,FL,33437,3/2,1870,469900,65450,139500,6975,253500,12675,10,30,70,"Mon, Jun 22, 2026 · 10:00 AM",https://federa.com/property/f7a3fe5b-17ca-4ff6-8a32-f229dc24b0f5
3,18480 Southwest 77th Court,Cutler Bay,FL,33157,4/3,3149,520000,110215,134000,6700,244000,12200,10,30,83,"Tue, Jun 23, 2026 · 9:00 AM",https://federa.com/property/3452714000085710046
4,7020 NE 5th Ave,Miami,FL,33138,2/2,1227,410000,42945,128500,6425,234000,11700,10,30,89,"Tue, Jun 23, 2026 · 9:00 AM",https://federa.com/property/dea5cc7f-2f95-43ea-b28f-af5663eb31e0
5,2940 Northwest 214th Street,Miami Gardens,FL,33056,3/2,3606,500000,126210,117500,5875,214000,10700,10,30,21,"Mon, Jun 22, 2026 · 9:00 AM",https://federa.com/property/1e2d67a2-6382-4316-9142-e78ccd99e48d
6,17711 Foxwood Way,Boca Raton,FL,33487,3/2,1614,396125,56490,116000,5800,211000,10550,10,30,107,"Mon, Jun 22, 2026 · 10:00 AM",https://federa.com/property/8bcf6a40-9530-40a5-a3ab-2c594e240cc8
7,1037 N Bay Dr,Lynn Haven,FL,32444,3/2,2211,410000,77385,110000,5500,199500,9975,10,30,80,"Mon, Jun 22, 2026 · 12:00 PM",https://federa.com/property/78a4b060-de88-47b0-a99c-cdec11807983
8,13712 Halliford Dr,Tampa,FL,33624,3/3,3295,460000,115325,108000,5400,196500,9825,10,30,112,"Mon, Jun 22, 2026 · 10:00 AM",https://federa.com/property/84c4c1aa-0dc4-4d81-949a-dd47f03f39b8
9,548 Northwest 54th Street,Boca Raton,FL,33487,3/2,1447,349000,50645,101000,5050,183500,9175,10,30,0,"Mon, Jun 22, 2026 · 10:00 AM",https://federa.com/property/c45d14d2-9d61-4448-83a9-d56b20f02a84
10,7590 SW 127th Dr,Miami,FL,33183,3/2,1612,340000,56420,94500,4725,171500,8575,10,30,21,"Mon, Jun 22, 2026 · 9:00 AM",https://federa.com/property/3452714000074492214
11,4520 45th Way,West Palm Beach,FL,33407,2/2,1236,315000,43260,92000,4600,167000,8350,10,30,79,"Mon, Jun 22, 2026 · 10:00 AM",https://federa.com/property/20e5f558-57cc-4e0d-8926-476bf276b071
12,2661 Laguna Way,Miramar,FL,33025,3/2,1879,340900,65765,89500,4475,163000,8150,10,30,77,"Tue, Jun 23, 2026 · 10:00 AM",https://federa.com/property/3452714000062174306
13,8451 Southwest 35th Terrace,Miami,FL,33155,3/2,1781,320000,62335,83500,4175,151500,7575,10,30,33,"Mon, Jun 22, 2026 · 9:00 AM",https://federa.com/property/981aadfc-ac6a-457c-86f8-305f492a0b31
14,1447 Dunbrooke Loop,Longwood,FL,32779,4/3,3487,400000,122045,81500,4075,148000,7400,10,30,74,"Tue, Jun 23, 2026 · 11:00 AM",https://federa.com/property/dac9a08b-ee3a-461c-b25e-c89bcda397ab
15,3058 Brandywine Drive,Orlando,FL,32806,4/2,2289,320000,80115,73500,3675,134000,6700,10,30,82,"Tue, Jun 23, 2026 · 11:00 AM",https://federa.com/property/cf71596e-9172-42e8-910e-73fd063f3932
16,10070 Brodbeck Boulevard,Orlando,FL,32832,5/3,2740,340000,95900,72500,3625,132000,6600,10,30,109,"Mon, Jun 22, 2026 · 11:00 AM",https://federa.com/property/3452714000074120777
17,20804 Northwest 9th Path,Miami Gardens,FL,33169,3/2,1524,270000,53340,69000,3450,125500,6275,10,30,28,"Mon, Jun 22, 2026 · 9:00 AM",https://federa.com/property/8f693eaf-ffe9-4444-8e11-e50353267c35
18,11811 Gilmerton Drive,Riverview,FL,33579,6/4,5154,450000,180390,68500,3425,124500,6225,10,30,110,"Mon, Jun 22, 2026 · 10:00 AM",https://federa.com/property/33f15de9-c761-40a0-8efa-8aad77d0077c
19,636 Sunset Drive South,Saint Petersburg,FL,33707,5/3,3105,340000,108675,65500,3275,119500,5975,10,30,80,"Tue, Jun 23, 2026 · 10:00 AM",https://federa.com/property/3452714000070072273
20,5231 NW Iredell St,Port St. Lucie,FL,34986,5/4,3939,380000,137865,65000,3250,118000,5900,10,30,92,"Tue, Jun 23, 2026 · 8:00 AM",https://federa.com/property/3452714000081676485
21,3532 John Moore Rd,Brandon,FL,33511,3/2,1428,250000,49980,63500,3175,115000,5750,10,30,116,"Mon, Jun 22, 2026 · 10:00 AM",https://federa.com/property/3452714000081188034
22,14445 Southwest 20th Street,Miami,FL,33175,4/4,2649,310000,92715,63000,3150,114500,5725,10,30,26,"Mon, Jun 22, 2026 · 9:00 AM",https://federa.com/property/3452714000078376875
23,601 Southeast 37th Place,Homestead,FL,33033,4/2,2340,290000,81900,61000,3050,111000,5550,10,30,53,"Mon, Jun 22, 2026 · 9:00 AM",https://federa.com/property/3452714000081947116
24,1685 SE 8th Ave,Homestead,FL,33034,3/2,1628,250000,56980,59500,2975,108000,5400,10,30,27,"Mon, Jun 22, 2026 · 9:00 AM",https://federa.com/property/3452714000082715088
25,6802 Arbor Oaks Drive,Bradenton,FL,34209,3/2,1844,260000,64540,59000,2950,107500,5375,10,30,86,"Tue, Jun 23, 2026 · 11:00 AM",https://federa.com/property/6e729a1d-b801-4495-aed6-acdbd14c954d
26,2615 Royal Oaks Drive,Tallahassee,FL,32309,3/3,2346,280000,82110,57000,2850,104000,5200,10,30,90,"Tue, Jun 23, 2026 · 11:00 AM",https://federa.com/property/468e0879-8ac2-4e65-bee7-75bc2470cfa6
27,364 Briar Bay Circle,Orlando,FL,32825,3/2,1351,230000,47285,57000,2850,103500,5175,10,30,81,"Tue, Jun 23, 2026 · 11:00 AM",https://federa.com/property/b1fb1cee-0fb7-4889-8fc5-d95a14c1e8e7
28,1251 Summit Run Circle,West Palm Beach,FL,33415,2/2,1176,217500,41160,55500,2775,101000,5050,10,30,78,"Mon, Jun 22, 2026 · 10:00 AM",https://federa.com/property/3452714000070587643
29,2408 West Carmen Street,Tampa,FL,33609,2/2,1636,230000,57260,51500,2575,93500,4675,10,30,116,"Mon, Jun 22, 2026 · 10:00 AM",https://federa.com/property/d65bbba1-04ae-4538-819b-8542c9b5cb60
30,3030 Ashwood Road,Cleveland,OH,44120,3/1,1440,212296,50400,48500,2425,88000,4400,10,30,96,"Wed, Jun 24, 2026 · 9:00 AM",https://federa.com/property/d3eb1776-27a0-4395-bc70-cde6e8394e05
31,999 Northeast 159th Street,North Miami Beach,FL,33162,2/1,1468,210000,51380,47000,2350,85500,4275,10,30,30,"Mon, Jun 22, 2026 · 9:00 AM",https://federa.com/property/3452714000073691038
32,327 Northeast 6th Avenue,Trenton,FL,32693,4/3,390,150000,15000,44000,2200,80000,4000,10,30,95,"Mon, Jun 22, 2026 · 11:00 AM",https://federa.com/property/3452714000085469450
33,6237 Ashley Drive,Lakeland,FL,33813,4/4,3645,310000,127575,43500,2175,79500,3975,10,30,75,"Tue, Jun 23, 2026 · 10:00 AM",https://federa.com/property/66d966f3-c6a4-4100-b5a7-719c856919c0
34,12506 Mission Hills Dr S,Jacksonville,FL,32225,4/3.5,3400,290000,119000,40500,2025,74000,3700,10,30,94,"Tue, Jun 23, 2026 · 11:00 AM",https://federa.com/property/3452714000072528710
35,5028 Inshore Landing Drive,Apollo Beach,FL,33572,4/2,2402,240000,84070,40500,2025,74000,3700,10,30,77,"Tue, Jun 23, 2026 · 10:00 AM",https://federa.com/property/3452714000084393254
36,3933 Northwest 81st Terrace,Coral Springs,FL,33065,3/2,1941,215000,67935,40000,2000,72500,3625,10,30,79,"Tue, Jun 23, 2026 · 10:00 AM",https://federa.com/property/fef45c5d-73aa-418c-a369-22ada8d24e20
37,105 Burchwood Avenue,Plant City,FL,33563,3/2,1851,210000,64785,39500,1975,72000,3600,10,30,80,"Tue, Jun 23, 2026 · 10:00 AM",https://federa.com/property/4f9f315f-2957-4d35-a446-20e5910b5768
38,12725 Sunland Ct,Tampa,FL,33625,3/2,1672,200000,58520,39500,1975,71500,3575,10,30,102,"Mon, Jun 22, 2026 · 10:00 AM",https://federa.com/property/8688a636-fcd2-4e0b-9366-c27a2b50acdf
39,15745 NW 23rd Avenue Rd,Opa Locka,FL,33054,3/1,864,155000,30240,37500,1875,68500,3425,10,30,19,"Mon, Jun 22, 2026 · 9:00 AM",https://federa.com/property/1bacc43f-461a-40ea-a2e5-ce253b87d856
40,11925 Cedarfield Drive,Riverview,FL,33579,3/2,1641,190000,57435,36000,1800,65500,3275,10,30,84,"Tue, Jun 23, 2026 · 10:00 AM",https://federa.com/property/885fe623-052b-43aa-bd2e-70698f3c3859
41,512 Boxwood Lane,Englewood,FL,34223,2/2,1660,190000,58100,35500,1775,65000,3250,10,30,86,"Tue, Jun 23, 2026 · 9:00 AM",https://federa.com/property/a9ba7b3e-1a8e-45a6-a3a2-750cf3f0783c
42,3131 Juniper Drive,Edgewater,FL,32141,3/2,1560,180000,54600,34000,1700,61500,3075,10,30,81,"Tue, Jun 23, 2026 · 11:00 AM",https://federa.com/property/5a6f0939-efb4-4d21-9667-920d57ee3d94
43,1009 E North Bay St,Tampa,FL,33603,3/1,832,140000,29120,32500,1625,59000,2950,10,30,0,"Mon, Jun 22, 2026 · 10:00 AM",https://federa.com/property/f8857eb2-8999-4cc6-84b0-d2021ea03564
44,3921 West Cherry Street,Tampa,FL,33607,2/1,864,140000,30240,32000,1600,58000,2900,10,30,113,"Mon, Jun 22, 2026 · 10:00 AM",https://federa.com/property/3452714000084238550
45,335 San Gabriel Street,Winter Springs,FL,32708,3/2,1089,150000,38115,31500,1575,57000,2850,10,30,91,"Tue, Jun 23, 2026 · 11:00 AM",https://federa.com/property/d0370d84-5505-4187-bb3a-2c7a7943f77c
46,412 Belmont Street,Safety Harbor,FL,34695,2/2,1095,150000,38325,31000,1550,56500,2825,10,30,88,"Tue, Jun 23, 2026 · 10:00 AM",https://federa.com/property/dad7eacb-4d20-418d-886e-b98ffaf33f5d
47,8047 Echo Springs Rd,Jacksonville,FL,32256,3/2,1502,170000,52570,31000,1550,56500,2825,10,30,88,"Mon, Jun 22, 2026 · 11:00 AM",https://federa.com/property/547471b7-4c9f-48f3-aafd-81f7b263a2da
48,866 Kings Pine Court,Ruskin,FL,33570,4/2,1926,190000,67410,30500,1525,55500,2775,10,30,98,"Mon, Jun 22, 2026 · 10:00 AM",https://federa.com/property/0c5ddc44-89e9-426b-a1c9-e54293f3eeef
49,147 Tracy Circle,Haines City,FL,33844,3/2,1753,180000,61355,30000,1500,54500,2725,10,30,78,"Tue, Jun 23, 2026 · 10:00 AM",https://federa.com/property/9001ff9c-58af-41da-b8a8-6e37a2121710
50,6608 Northhaven Court,Riverview,FL,33578,3/2,1182,150000,41370,29500,1475,53500,2675,10,30,107,"Mon, Jun 22, 2026 · 10:00 AM",https://federa.com/property/19896f10-8420-43af-8800-8b3c313dce6d
51,1810 Pine Oak Trail,Sanford,FL,32773,2/2,1214,150000,42490,29000,1450,52500,2625,10,30,92,"Tue, Jun 23, 2026 · 11:00 AM",https://federa.com/property/c871f50f-f68c-4742-8cd5-98186f06bcb8
52,3608 Tam Drive,Orlando,FL,32808,4/2,1463,160000,51205,28000,1400,51000,2550,10,30,85,"Mon, Jun 22, 2026 · 11:00 AM",https://federa.com/property/54430e58-fcb7-469a-a4be-bf8c14847158
53,15743 Fairway Heights Boulevard,Miami,FL,33157,3/2,2272,200000,79520,28000,1400,50500,2525,10,30,23,"Mon, Jun 22, 2026 · 9:00 AM",https://federa.com/property/3452714000062862125
54,5902 Southeast Riverboat Drive,Stuart,FL,34997,2/2,1288,150000,45080,27500,1375,50000,2500,10,30,78,"Tue, Jun 23, 2026 · 10:00 AM",https://federa.com/property/12541c0f-959d-42a0-8e9f-bc7472a21713
55,530 Buckshot Ln,Lakeland,FL,33809,3/2,2103,190000,73605,27000,1350,49500,2475,10,30,72,"Tue, Jun 23, 2026 · 10:00 AM",https://federa.com/property/bdd43d19-6c8e-4840-9721-6b6a72967b72
56,12717 Woodchuck Way,Hudson,FL,34667,2/2,1176,140000,41160,26000,1300,47000,2350,10,30,94,"Mon, Jun 22, 2026 · 11:00 AM",https://federa.com/property/f947e72f-22b5-4183-a345-402ffbf383ee
57,343 Suzanne Dr,Kent,OH,44240,3/2,1988,180000,69580,25500,1275,46500,2325,10,30,108,"Mon, Jun 22, 2026 · 11:00 AM",https://federa.com/property/bbdb0ff8-bd6e-42a6-acea-59968fa6bcb5
58,425 Kensington View Drive,Winter Haven,FL,33880,3/2,1604,160000,56140,25000,1250,46000,2300,10,30,78,"Tue, Jun 23, 2026 · 10:00 AM",https://federa.com/property/f774ffcd-f2af-4f46-882e-ab0c87a0ec8b
59,750 Concord Lane,Lakeland,FL,33809,3/2,1643,160000,57505,24500,1225,44500,2225,10,30,61,"Tue, Jun 23, 2026 · 10:00 AM",https://federa.com/property/07570094-b039-48b6-9dc3-151a3c2c6310
60,8747 Wolf Den Trail,Port Richey,FL,34668,4/2,1851,170000,64785,24500,1225,44000,2200,10,30,107,"Mon, Jun 22, 2026 · 11:00 AM",https://federa.com/property/3452714000078944987
61,4817 Mark Way,Bartow,FL,33830,3/2,1320,140000,46200,23000,1150,42000,2100,10,30,72,"Tue, Jun 23, 2026 · 10:00 AM",https://federa.com/property/57d0ead4-ed42-4b4b-b3d4-ab5539313f67
62,4601 Anvers Boulevard,Jacksonville,FL,32210,3/2,1131,130000,39585,23000,1150,41500,2075,10,30,100,"Mon, Jun 22, 2026 · 11:00 AM",https://federa.com/property/2af53240-9b86-43b2-bc85-633ccdc80238
63,1341 Florida Avenue,Palm Harbor,FL,34683,3/2,1532,150000,53620,23000,1150,41500,2075,10,30,103,"Tue, Jun 23, 2026 · 10:00 AM",https://federa.com/property/3452714000073595421
64,1706 Shore Acres Drive,Lakeland,FL,33801,4/2,1535,150000,53725,22500,1125,41500,2075,10,30,81,"Tue, Jun 23, 2026 · 10:00 AM",https://federa.com/property/0e196452-1819-4021-936d-9ec555f24705
65,3249 Trask Drive,Holiday,FL,34691,2/2,1156,130000,40460,22500,1125,40500,2025,10,30,94,"Tue, Jun 23, 2026 · 11:00 AM",https://federa.com/property/b4f95cd8-3ab0-453c-bc30-91b75fb4656a
66,440 37th Street Northwest,Canton,OH,44709,3/1,1272,133800,44520,21500,1075,39000,1950,10,30,28,"Mon, Jun 22, 2026 · 10:00 AM",https://federa.com/property/b0967d18-9bc0-4fbf-a686-3e55a88417e8
67,1441 Northeast 117th Street,Miami,FL,33161,3/1,1232,130000,43120,21000,1050,38000,1900,10,30,50,"Mon, Jun 22, 2026 · 9:00 AM",https://federa.com/property/3452714000082715146
68,1321 Fountainhead Drive,Deltona,FL,32725,3/1,1050,120000,36750,20500,1025,37000,1850,10,30,92,"Tue, Jun 23, 2026 · 11:00 AM",https://federa.com/property/2bf97bb2-f5c6-4be9-8c12-200f4f7ee13d
69,246 Dinner Lake Place,Lake Wales,FL,33859,4/2,1726,150000,60410,19000,950,34500,1725,10,30,79,"Tue, Jun 23, 2026 · 10:00 AM",https://federa.com/property/196ce1a7-013f-41f8-8229-b9e57c222c2c
70,1426 Southeast 24th Terrace,Homestead,FL,33035,3/2,1731,150000,60585,19000,950,34500,1725,10,30,85,"Mon, Jun 22, 2026 · 9:00 AM",https://federa.com/property/fe6a5c1c-20dd-4cbd-b064-3de0b01cb444
71,5848 Windridge Dr,Winter Haven,FL,33881,4/3,3050,210000,106750,16500,825,30000,1500,10,30,83,"Tue, Jun 23, 2026 · 10:00 AM",https://federa.com/property/3452714000080464713
72,756 Southwest 99th Court Cir,Miami,FL,33174,4/3,1747,140000,61145,15000,750,27000,1350,10,30,25,"Mon, Jun 22, 2026 · 9:00 AM",https://federa.com/property/1f2aa75f-1c20-4393-8675-19246bef7b2a
