"City","State","Zip","Keyword","Google Dork Query","Google Search URL"
"Austin","TX","78702","fixer upper","site:zillow.com ""fixer upper"" ""78702""","https://www.google.com/search?q=site%3Azillow.com%20%22fixer%20upper%22%20%2278702%22"
"Austin","TX","78702","TLC","site:zillow.com ""TLC"" ""78702""","https://www.google.com/search?q=site%3Azillow.com%20%22TLC%22%20%2278702%22"
"Austin","TX","78702","handyman special","site:zillow.com ""handyman special"" ""78702""","https://www.google.com/search?q=site%3Azillow.com%20%22handyman%20special%22%20%2278702%22"
"Austin","TX","78702","as-is","site:zillow.com ""as-is"" ""78702""","https://www.google.com/search?q=site%3Azillow.com%20%22as-is%22%20%2278702%22"
"Austin","TX","78702","investor special","site:zillow.com ""investor special"" ""78702""","https://www.google.com/search?q=site%3Azillow.com%20%22investor%20special%22%20%2278702%22"
"Austin","TX","78702","probate","site:zillow.com ""probate"" ""78702""","https://www.google.com/search?q=site%3Azillow.com%20%22probate%22%20%2278702%22"
"Austin","TX","78702","must sell","site:zillow.com ""must sell"" ""78702""","https://www.google.com/search?q=site%3Azillow.com%20%22must%20sell%22%20%2278702%22"
"Austin","TX","78702","needs work","site:zillow.com ""needs work"" ""78702""","https://www.google.com/search?q=site%3Azillow.com%20%22needs%20work%22%20%2278702%22"
"Austin","TX","78702","cash only","site:zillow.com ""cash only"" ""78702""","https://www.google.com/search?q=site%3Azillow.com%20%22cash%20only%22%20%2278702%22"
"Austin","TX","78702","motivated seller","site:zillow.com ""motivated seller"" ""78702""","https://www.google.com/search?q=site%3Azillow.com%20%22motivated%20seller%22%20%2278702%22"
"Austin","TX","78702","estate sale","site:zillow.com ""estate sale"" ""78702""","https://www.google.com/search?q=site%3Azillow.com%20%22estate%20sale%22%20%2278702%22"
"Austin","TX","78702","bring offers","site:zillow.com ""bring offers"" ""78702""","https://www.google.com/search?q=site%3Azillow.com%20%22bring%20offers%22%20%2278702%22"
"Austin","TX","78702","distressed","site:zillow.com ""distressed"" ""78702""","https://www.google.com/search?q=site%3Azillow.com%20%22distressed%22%20%2278702%22"
"Austin","TX","78702","tear down","site:zillow.com ""tear down"" ""78702""","https://www.google.com/search?q=site%3Azillow.com%20%22tear%20down%22%20%2278702%22"
"Austin","TX","78702","sold as-is","site:zillow.com ""sold as-is"" ""78702""","https://www.google.com/search?q=site%3Azillow.com%20%22sold%20as-is%22%20%2278702%22"
"Dallas","TX","75223","fixer upper","site:zillow.com ""fixer upper"" ""75223""","https://www.google.com/search?q=site%3Azillow.com%20%22fixer%20upper%22%20%2275223%22"
"Dallas","TX","75223","TLC","site:zillow.com ""TLC"" ""75223""","https://www.google.com/search?q=site%3Azillow.com%20%22TLC%22%20%2275223%22"
"Dallas","TX","75223","handyman special","site:zillow.com ""handyman special"" ""75223""","https://www.google.com/search?q=site%3Azillow.com%20%22handyman%20special%22%20%2275223%22"
"Dallas","TX","75223","as-is","site:zillow.com ""as-is"" ""75223""","https://www.google.com/search?q=site%3Azillow.com%20%22as-is%22%20%2275223%22"
"Dallas","TX","75223","investor special","site:zillow.com ""investor special"" ""75223""","https://www.google.com/search?q=site%3Azillow.com%20%22investor%20special%22%20%2275223%22"
"Dallas","TX","75223","probate","site:zillow.com ""probate"" ""75223""","https://www.google.com/search?q=site%3Azillow.com%20%22probate%22%20%2275223%22"
"Dallas","TX","75223","must sell","site:zillow.com ""must sell"" ""75223""","https://www.google.com/search?q=site%3Azillow.com%20%22must%20sell%22%20%2275223%22"
"Dallas","TX","75223","needs work","site:zillow.com ""needs work"" ""75223""","https://www.google.com/search?q=site%3Azillow.com%20%22needs%20work%22%20%2275223%22"
"Dallas","TX","75223","cash only","site:zillow.com ""cash only"" ""75223""","https://www.google.com/search?q=site%3Azillow.com%20%22cash%20only%22%20%2275223%22"
"Dallas","TX","75223","motivated seller","site:zillow.com ""motivated seller"" ""75223""","https://www.google.com/search?q=site%3Azillow.com%20%22motivated%20seller%22%20%2275223%22"
"Dallas","TX","75223","estate sale","site:zillow.com ""estate sale"" ""75223""","https://www.google.com/search?q=site%3Azillow.com%20%22estate%20sale%22%20%2275223%22"
"Dallas","TX","75223","bring offers","site:zillow.com ""bring offers"" ""75223""","https://www.google.com/search?q=site%3Azillow.com%20%22bring%20offers%22%20%2275223%22"
"Dallas","TX","75223","distressed","site:zillow.com ""distressed"" ""75223""","https://www.google.com/search?q=site%3Azillow.com%20%22distressed%22%20%2275223%22"
"Dallas","TX","75223","tear down","site:zillow.com ""tear down"" ""75223""","https://www.google.com/search?q=site%3Azillow.com%20%22tear%20down%22%20%2275223%22"
"Dallas","TX","75223","sold as-is","site:zillow.com ""sold as-is"" ""75223""","https://www.google.com/search?q=site%3Azillow.com%20%22sold%20as-is%22%20%2275223%22"
"Houston","TX","77033","fixer upper","site:zillow.com ""fixer upper"" ""77033""","https://www.google.com/search?q=site%3Azillow.com%20%22fixer%20upper%22%20%2277033%22"
"Houston","TX","77033","TLC","site:zillow.com ""TLC"" ""77033""","https://www.google.com/search?q=site%3Azillow.com%20%22TLC%22%20%2277033%22"
"Houston","TX","77033","handyman special","site:zillow.com ""handyman special"" ""77033""","https://www.google.com/search?q=site%3Azillow.com%20%22handyman%20special%22%20%2277033%22"
"Houston","TX","77033","as-is","site:zillow.com ""as-is"" ""77033""","https://www.google.com/search?q=site%3Azillow.com%20%22as-is%22%20%2277033%22"
"Houston","TX","77033","investor special","site:zillow.com ""investor special"" ""77033""","https://www.google.com/search?q=site%3Azillow.com%20%22investor%20special%22%20%2277033%22"
"Houston","TX","77033","probate","site:zillow.com ""probate"" ""77033""","https://www.google.com/search?q=site%3Azillow.com%20%22probate%22%20%2277033%22"
"Houston","TX","77033","must sell","site:zillow.com ""must sell"" ""77033""","https://www.google.com/search?q=site%3Azillow.com%20%22must%20sell%22%20%2277033%22"
"Houston","TX","77033","needs work","site:zillow.com ""needs work"" ""77033""","https://www.google.com/search?q=site%3Azillow.com%20%22needs%20work%22%20%2277033%22"
"Houston","TX","77033","cash only","site:zillow.com ""cash only"" ""77033""","https://www.google.com/search?q=site%3Azillow.com%20%22cash%20only%22%20%2277033%22"
"Houston","TX","77033","motivated seller","site:zillow.com ""motivated seller"" ""77033""","https://www.google.com/search?q=site%3Azillow.com%20%22motivated%20seller%22%20%2277033%22"
"Houston","TX","77033","estate sale","site:zillow.com ""estate sale"" ""77033""","https://www.google.com/search?q=site%3Azillow.com%20%22estate%20sale%22%20%2277033%22"
"Houston","TX","77033","bring offers","site:zillow.com ""bring offers"" ""77033""","https://www.google.com/search?q=site%3Azillow.com%20%22bring%20offers%22%20%2277033%22"
"Houston","TX","77033","distressed","site:zillow.com ""distressed"" ""77033""","https://www.google.com/search?q=site%3Azillow.com%20%22distressed%22%20%2277033%22"
"Houston","TX","77033","tear down","site:zillow.com ""tear down"" ""77033""","https://www.google.com/search?q=site%3Azillow.com%20%22tear%20down%22%20%2277033%22"
"Houston","TX","77033","sold as-is","site:zillow.com ""sold as-is"" ""77033""","https://www.google.com/search?q=site%3Azillow.com%20%22sold%20as-is%22%20%2277033%22"
"San Antonio","TX","78210","fixer upper","site:zillow.com ""fixer upper"" ""78210""","https://www.google.com/search?q=site%3Azillow.com%20%22fixer%20upper%22%20%2278210%22"
"San Antonio","TX","78210","TLC","site:zillow.com ""TLC"" ""78210""","https://www.google.com/search?q=site%3Azillow.com%20%22TLC%22%20%2278210%22"
"San Antonio","TX","78210","handyman special","site:zillow.com ""handyman special"" ""78210""","https://www.google.com/search?q=site%3Azillow.com%20%22handyman%20special%22%20%2278210%22"
"San Antonio","TX","78210","as-is","site:zillow.com ""as-is"" ""78210""","https://www.google.com/search?q=site%3Azillow.com%20%22as-is%22%20%2278210%22"
"San Antonio","TX","78210","investor special","site:zillow.com ""investor special"" ""78210""","https://www.google.com/search?q=site%3Azillow.com%20%22investor%20special%22%20%2278210%22"
"San Antonio","TX","78210","probate","site:zillow.com ""probate"" ""78210""","https://www.google.com/search?q=site%3Azillow.com%20%22probate%22%20%2278210%22"
"San Antonio","TX","78210","must sell","site:zillow.com ""must sell"" ""78210""","https://www.google.com/search?q=site%3Azillow.com%20%22must%20sell%22%20%2278210%22"
"San Antonio","TX","78210","needs work","site:zillow.com ""needs work"" ""78210""","https://www.google.com/search?q=site%3Azillow.com%20%22needs%20work%22%20%2278210%22"
"San Antonio","TX","78210","cash only","site:zillow.com ""cash only"" ""78210""","https://www.google.com/search?q=site%3Azillow.com%20%22cash%20only%22%20%2278210%22"
"San Antonio","TX","78210","motivated seller","site:zillow.com ""motivated seller"" ""78210""","https://www.google.com/search?q=site%3Azillow.com%20%22motivated%20seller%22%20%2278210%22"
"San Antonio","TX","78210","estate sale","site:zillow.com ""estate sale"" ""78210""","https://www.google.com/search?q=site%3Azillow.com%20%22estate%20sale%22%20%2278210%22"
"San Antonio","TX","78210","bring offers","site:zillow.com ""bring offers"" ""78210""","https://www.google.com/search?q=site%3Azillow.com%20%22bring%20offers%22%20%2278210%22"
"San Antonio","TX","78210","distressed","site:zillow.com ""distressed"" ""78210""","https://www.google.com/search?q=site%3Azillow.com%20%22distressed%22%20%2278210%22"
"San Antonio","TX","78210","tear down","site:zillow.com ""tear down"" ""78210""","https://www.google.com/search?q=site%3Azillow.com%20%22tear%20down%22%20%2278210%22"
"San Antonio","TX","78210","sold as-is","site:zillow.com ""sold as-is"" ""78210""","https://www.google.com/search?q=site%3Azillow.com%20%22sold%20as-is%22%20%2278210%22"
"Fort Worth","TX","76119","fixer upper","site:zillow.com ""fixer upper"" ""76119""","https://www.google.com/search?q=site%3Azillow.com%20%22fixer%20upper%22%20%2276119%22"
"Fort Worth","TX","76119","TLC","site:zillow.com ""TLC"" ""76119""","https://www.google.com/search?q=site%3Azillow.com%20%22TLC%22%20%2276119%22"
"Fort Worth","TX","76119","handyman special","site:zillow.com ""handyman special"" ""76119""","https://www.google.com/search?q=site%3Azillow.com%20%22handyman%20special%22%20%2276119%22"
"Fort Worth","TX","76119","as-is","site:zillow.com ""as-is"" ""76119""","https://www.google.com/search?q=site%3Azillow.com%20%22as-is%22%20%2276119%22"
"Fort Worth","TX","76119","investor special","site:zillow.com ""investor special"" ""76119""","https://www.google.com/search?q=site%3Azillow.com%20%22investor%20special%22%20%2276119%22"
"Fort Worth","TX","76119","probate","site:zillow.com ""probate"" ""76119""","https://www.google.com/search?q=site%3Azillow.com%20%22probate%22%20%2276119%22"
"Fort Worth","TX","76119","must sell","site:zillow.com ""must sell"" ""76119""","https://www.google.com/search?q=site%3Azillow.com%20%22must%20sell%22%20%2276119%22"
"Fort Worth","TX","76119","needs work","site:zillow.com ""needs work"" ""76119""","https://www.google.com/search?q=site%3Azillow.com%20%22needs%20work%22%20%2276119%22"
"Fort Worth","TX","76119","cash only","site:zillow.com ""cash only"" ""76119""","https://www.google.com/search?q=site%3Azillow.com%20%22cash%20only%22%20%2276119%22"
"Fort Worth","TX","76119","motivated seller","site:zillow.com ""motivated seller"" ""76119""","https://www.google.com/search?q=site%3Azillow.com%20%22motivated%20seller%22%20%2276119%22"
"Fort Worth","TX","76119","estate sale","site:zillow.com ""estate sale"" ""76119""","https://www.google.com/search?q=site%3Azillow.com%20%22estate%20sale%22%20%2276119%22"
"Fort Worth","TX","76119","bring offers","site:zillow.com ""bring offers"" ""76119""","https://www.google.com/search?q=site%3Azillow.com%20%22bring%20offers%22%20%2276119%22"
"Fort Worth","TX","76119","distressed","site:zillow.com ""distressed"" ""76119""","https://www.google.com/search?q=site%3Azillow.com%20%22distressed%22%20%2276119%22"
"Fort Worth","TX","76119","tear down","site:zillow.com ""tear down"" ""76119""","https://www.google.com/search?q=site%3Azillow.com%20%22tear%20down%22%20%2276119%22"
"Fort Worth","TX","76119","sold as-is","site:zillow.com ""sold as-is"" ""76119""","https://www.google.com/search?q=site%3Azillow.com%20%22sold%20as-is%22%20%2276119%22"
"Orlando","FL","32811","fixer upper","site:zillow.com ""fixer upper"" ""32811""","https://www.google.com/search?q=site%3Azillow.com%20%22fixer%20upper%22%20%2232811%22"
"Orlando","FL","32811","TLC","site:zillow.com ""TLC"" ""32811""","https://www.google.com/search?q=site%3Azillow.com%20%22TLC%22%20%2232811%22"
"Orlando","FL","32811","handyman special","site:zillow.com ""handyman special"" ""32811""","https://www.google.com/search?q=site%3Azillow.com%20%22handyman%20special%22%20%2232811%22"
"Orlando","FL","32811","as-is","site:zillow.com ""as-is"" ""32811""","https://www.google.com/search?q=site%3Azillow.com%20%22as-is%22%20%2232811%22"
"Orlando","FL","32811","investor special","site:zillow.com ""investor special"" ""32811""","https://www.google.com/search?q=site%3Azillow.com%20%22investor%20special%22%20%2232811%22"
"Orlando","FL","32811","probate","site:zillow.com ""probate"" ""32811""","https://www.google.com/search?q=site%3Azillow.com%20%22probate%22%20%2232811%22"
"Orlando","FL","32811","must sell","site:zillow.com ""must sell"" ""32811""","https://www.google.com/search?q=site%3Azillow.com%20%22must%20sell%22%20%2232811%22"
"Orlando","FL","32811","needs work","site:zillow.com ""needs work"" ""32811""","https://www.google.com/search?q=site%3Azillow.com%20%22needs%20work%22%20%2232811%22"
"Orlando","FL","32811","cash only","site:zillow.com ""cash only"" ""32811""","https://www.google.com/search?q=site%3Azillow.com%20%22cash%20only%22%20%2232811%22"
"Orlando","FL","32811","motivated seller","site:zillow.com ""motivated seller"" ""32811""","https://www.google.com/search?q=site%3Azillow.com%20%22motivated%20seller%22%20%2232811%22"
"Orlando","FL","32811","estate sale","site:zillow.com ""estate sale"" ""32811""","https://www.google.com/search?q=site%3Azillow.com%20%22estate%20sale%22%20%2232811%22"
"Orlando","FL","32811","bring offers","site:zillow.com ""bring offers"" ""32811""","https://www.google.com/search?q=site%3Azillow.com%20%22bring%20offers%22%20%2232811%22"
"Orlando","FL","32811","distressed","site:zillow.com ""distressed"" ""32811""","https://www.google.com/search?q=site%3Azillow.com%20%22distressed%22%20%2232811%22"
"Orlando","FL","32811","tear down","site:zillow.com ""tear down"" ""32811""","https://www.google.com/search?q=site%3Azillow.com%20%22tear%20down%22%20%2232811%22"
"Orlando","FL","32811","sold as-is","site:zillow.com ""sold as-is"" ""32811""","https://www.google.com/search?q=site%3Azillow.com%20%22sold%20as-is%22%20%2232811%22"
"Tampa","FL","33602","fixer upper","site:zillow.com ""fixer upper"" ""33602""","https://www.google.com/search?q=site%3Azillow.com%20%22fixer%20upper%22%20%2233602%22"
"Tampa","FL","33602","TLC","site:zillow.com ""TLC"" ""33602""","https://www.google.com/search?q=site%3Azillow.com%20%22TLC%22%20%2233602%22"
"Tampa","FL","33602","handyman special","site:zillow.com ""handyman special"" ""33602""","https://www.google.com/search?q=site%3Azillow.com%20%22handyman%20special%22%20%2233602%22"
"Tampa","FL","33602","as-is","site:zillow.com ""as-is"" ""33602""","https://www.google.com/search?q=site%3Azillow.com%20%22as-is%22%20%2233602%22"
"Tampa","FL","33602","investor special","site:zillow.com ""investor special"" ""33602""","https://www.google.com/search?q=site%3Azillow.com%20%22investor%20special%22%20%2233602%22"
"Tampa","FL","33602","probate","site:zillow.com ""probate"" ""33602""","https://www.google.com/search?q=site%3Azillow.com%20%22probate%22%20%2233602%22"
"Tampa","FL","33602","must sell","site:zillow.com ""must sell"" ""33602""","https://www.google.com/search?q=site%3Azillow.com%20%22must%20sell%22%20%2233602%22"
"Tampa","FL","33602","needs work","site:zillow.com ""needs work"" ""33602""","https://www.google.com/search?q=site%3Azillow.com%20%22needs%20work%22%20%2233602%22"
"Tampa","FL","33602","cash only","site:zillow.com ""cash only"" ""33602""","https://www.google.com/search?q=site%3Azillow.com%20%22cash%20only%22%20%2233602%22"
"Tampa","FL","33602","motivated seller","site:zillow.com ""motivated seller"" ""33602""","https://www.google.com/search?q=site%3Azillow.com%20%22motivated%20seller%22%20%2233602%22"
"Tampa","FL","33602","estate sale","site:zillow.com ""estate sale"" ""33602""","https://www.google.com/search?q=site%3Azillow.com%20%22estate%20sale%22%20%2233602%22"
"Tampa","FL","33602","bring offers","site:zillow.com ""bring offers"" ""33602""","https://www.google.com/search?q=site%3Azillow.com%20%22bring%20offers%22%20%2233602%22"
"Tampa","FL","33602","distressed","site:zillow.com ""distressed"" ""33602""","https://www.google.com/search?q=site%3Azillow.com%20%22distressed%22%20%2233602%22"
"Tampa","FL","33602","tear down","site:zillow.com ""tear down"" ""33602""","https://www.google.com/search?q=site%3Azillow.com%20%22tear%20down%22%20%2233602%22"
"Tampa","FL","33602","sold as-is","site:zillow.com ""sold as-is"" ""33602""","https://www.google.com/search?q=site%3Azillow.com%20%22sold%20as-is%22%20%2233602%22"
"Jacksonville","FL","32207","fixer upper","site:zillow.com ""fixer upper"" ""32207""","https://www.google.com/search?q=site%3Azillow.com%20%22fixer%20upper%22%20%2232207%22"
"Jacksonville","FL","32207","TLC","site:zillow.com ""TLC"" ""32207""","https://www.google.com/search?q=site%3Azillow.com%20%22TLC%22%20%2232207%22"
"Jacksonville","FL","32207","handyman special","site:zillow.com ""handyman special"" ""32207""","https://www.google.com/search?q=site%3Azillow.com%20%22handyman%20special%22%20%2232207%22"
"Jacksonville","FL","32207","as-is","site:zillow.com ""as-is"" ""32207""","https://www.google.com/search?q=site%3Azillow.com%20%22as-is%22%20%2232207%22"
"Jacksonville","FL","32207","investor special","site:zillow.com ""investor special"" ""32207""","https://www.google.com/search?q=site%3Azillow.com%20%22investor%20special%22%20%2232207%22"
"Jacksonville","FL","32207","probate","site:zillow.com ""probate"" ""32207""","https://www.google.com/search?q=site%3Azillow.com%20%22probate%22%20%2232207%22"
"Jacksonville","FL","32207","must sell","site:zillow.com ""must sell"" ""32207""","https://www.google.com/search?q=site%3Azillow.com%20%22must%20sell%22%20%2232207%22"
"Jacksonville","FL","32207","needs work","site:zillow.com ""needs work"" ""32207""","https://www.google.com/search?q=site%3Azillow.com%20%22needs%20work%22%20%2232207%22"
"Jacksonville","FL","32207","cash only","site:zillow.com ""cash only"" ""32207""","https://www.google.com/search?q=site%3Azillow.com%20%22cash%20only%22%20%2232207%22"
"Jacksonville","FL","32207","motivated seller","site:zillow.com ""motivated seller"" ""32207""","https://www.google.com/search?q=site%3Azillow.com%20%22motivated%20seller%22%20%2232207%22"
"Jacksonville","FL","32207","estate sale","site:zillow.com ""estate sale"" ""32207""","https://www.google.com/search?q=site%3Azillow.com%20%22estate%20sale%22%20%2232207%22"
"Jacksonville","FL","32207","bring offers","site:zillow.com ""bring offers"" ""32207""","https://www.google.com/search?q=site%3Azillow.com%20%22bring%20offers%22%20%2232207%22"
"Jacksonville","FL","32207","distressed","site:zillow.com ""distressed"" ""32207""","https://www.google.com/search?q=site%3Azillow.com%20%22distressed%22%20%2232207%22"
"Jacksonville","FL","32207","tear down","site:zillow.com ""tear down"" ""32207""","https://www.google.com/search?q=site%3Azillow.com%20%22tear%20down%22%20%2232207%22"
"Jacksonville","FL","32207","sold as-is","site:zillow.com ""sold as-is"" ""32207""","https://www.google.com/search?q=site%3Azillow.com%20%22sold%20as-is%22%20%2232207%22"
"Miami","FL","33101","fixer upper","site:zillow.com ""fixer upper"" ""33101""","https://www.google.com/search?q=site%3Azillow.com%20%22fixer%20upper%22%20%2233101%22"
"Miami","FL","33101","TLC","site:zillow.com ""TLC"" ""33101""","https://www.google.com/search?q=site%3Azillow.com%20%22TLC%22%20%2233101%22"
"Miami","FL","33101","handyman special","site:zillow.com ""handyman special"" ""33101""","https://www.google.com/search?q=site%3Azillow.com%20%22handyman%20special%22%20%2233101%22"
"Miami","FL","33101","as-is","site:zillow.com ""as-is"" ""33101""","https://www.google.com/search?q=site%3Azillow.com%20%22as-is%22%20%2233101%22"
"Miami","FL","33101","investor special","site:zillow.com ""investor special"" ""33101""","https://www.google.com/search?q=site%3Azillow.com%20%22investor%20special%22%20%2233101%22"
"Miami","FL","33101","probate","site:zillow.com ""probate"" ""33101""","https://www.google.com/search?q=site%3Azillow.com%20%22probate%22%20%2233101%22"
"Miami","FL","33101","must sell","site:zillow.com ""must sell"" ""33101""","https://www.google.com/search?q=site%3Azillow.com%20%22must%20sell%22%20%2233101%22"
"Miami","FL","33101","needs work","site:zillow.com ""needs work"" ""33101""","https://www.google.com/search?q=site%3Azillow.com%20%22needs%20work%22%20%2233101%22"
"Miami","FL","33101","cash only","site:zillow.com ""cash only"" ""33101""","https://www.google.com/search?q=site%3Azillow.com%20%22cash%20only%22%20%2233101%22"
"Miami","FL","33101","motivated seller","site:zillow.com ""motivated seller"" ""33101""","https://www.google.com/search?q=site%3Azillow.com%20%22motivated%20seller%22%20%2233101%22"
"Miami","FL","33101","estate sale","site:zillow.com ""estate sale"" ""33101""","https://www.google.com/search?q=site%3Azillow.com%20%22estate%20sale%22%20%2233101%22"
"Miami","FL","33101","bring offers","site:zillow.com ""bring offers"" ""33101""","https://www.google.com/search?q=site%3Azillow.com%20%22bring%20offers%22%20%2233101%22"
"Miami","FL","33101","distressed","site:zillow.com ""distressed"" ""33101""","https://www.google.com/search?q=site%3Azillow.com%20%22distressed%22%20%2233101%22"
"Miami","FL","33101","tear down","site:zillow.com ""tear down"" ""33101""","https://www.google.com/search?q=site%3Azillow.com%20%22tear%20down%22%20%2233101%22"
"Miami","FL","33101","sold as-is","site:zillow.com ""sold as-is"" ""33101""","https://www.google.com/search?q=site%3Azillow.com%20%22sold%20as-is%22%20%2233101%22"
"St. Petersburg","FL","33705","fixer upper","site:zillow.com ""fixer upper"" ""33705""","https://www.google.com/search?q=site%3Azillow.com%20%22fixer%20upper%22%20%2233705%22"
"St. Petersburg","FL","33705","TLC","site:zillow.com ""TLC"" ""33705""","https://www.google.com/search?q=site%3Azillow.com%20%22TLC%22%20%2233705%22"
"St. Petersburg","FL","33705","handyman special","site:zillow.com ""handyman special"" ""33705""","https://www.google.com/search?q=site%3Azillow.com%20%22handyman%20special%22%20%2233705%22"
"St. Petersburg","FL","33705","as-is","site:zillow.com ""as-is"" ""33705""","https://www.google.com/search?q=site%3Azillow.com%20%22as-is%22%20%2233705%22"
"St. Petersburg","FL","33705","investor special","site:zillow.com ""investor special"" ""33705""","https://www.google.com/search?q=site%3Azillow.com%20%22investor%20special%22%20%2233705%22"
"St. Petersburg","FL","33705","probate","site:zillow.com ""probate"" ""33705""","https://www.google.com/search?q=site%3Azillow.com%20%22probate%22%20%2233705%22"
"St. Petersburg","FL","33705","must sell","site:zillow.com ""must sell"" ""33705""","https://www.google.com/search?q=site%3Azillow.com%20%22must%20sell%22%20%2233705%22"
"St. Petersburg","FL","33705","needs work","site:zillow.com ""needs work"" ""33705""","https://www.google.com/search?q=site%3Azillow.com%20%22needs%20work%22%20%2233705%22"
"St. Petersburg","FL","33705","cash only","site:zillow.com ""cash only"" ""33705""","https://www.google.com/search?q=site%3Azillow.com%20%22cash%20only%22%20%2233705%22"
"St. Petersburg","FL","33705","motivated seller","site:zillow.com ""motivated seller"" ""33705""","https://www.google.com/search?q=site%3Azillow.com%20%22motivated%20seller%22%20%2233705%22"
"St. Petersburg","FL","33705","estate sale","site:zillow.com ""estate sale"" ""33705""","https://www.google.com/search?q=site%3Azillow.com%20%22estate%20sale%22%20%2233705%22"
"St. Petersburg","FL","33705","bring offers","site:zillow.com ""bring offers"" ""33705""","https://www.google.com/search?q=site%3Azillow.com%20%22bring%20offers%22%20%2233705%22"
"St. Petersburg","FL","33705","distressed","site:zillow.com ""distressed"" ""33705""","https://www.google.com/search?q=site%3Azillow.com%20%22distressed%22%20%2233705%22"
"St. Petersburg","FL","33705","tear down","site:zillow.com ""tear down"" ""33705""","https://www.google.com/search?q=site%3Azillow.com%20%22tear%20down%22%20%2233705%22"
"St. Petersburg","FL","33705","sold as-is","site:zillow.com ""sold as-is"" ""33705""","https://www.google.com/search?q=site%3Azillow.com%20%22sold%20as-is%22%20%2233705%22"
"Phoenix","AZ","85014","fixer upper","site:zillow.com ""fixer upper"" ""85014""","https://www.google.com/search?q=site%3Azillow.com%20%22fixer%20upper%22%20%2285014%22"
"Phoenix","AZ","85014","TLC","site:zillow.com ""TLC"" ""85014""","https://www.google.com/search?q=site%3Azillow.com%20%22TLC%22%20%2285014%22"
"Phoenix","AZ","85014","handyman special","site:zillow.com ""handyman special"" ""85014""","https://www.google.com/search?q=site%3Azillow.com%20%22handyman%20special%22%20%2285014%22"
"Phoenix","AZ","85014","as-is","site:zillow.com ""as-is"" ""85014""","https://www.google.com/search?q=site%3Azillow.com%20%22as-is%22%20%2285014%22"
"Phoenix","AZ","85014","investor special","site:zillow.com ""investor special"" ""85014""","https://www.google.com/search?q=site%3Azillow.com%20%22investor%20special%22%20%2285014%22"
"Phoenix","AZ","85014","probate","site:zillow.com ""probate"" ""85014""","https://www.google.com/search?q=site%3Azillow.com%20%22probate%22%20%2285014%22"
"Phoenix","AZ","85014","must sell","site:zillow.com ""must sell"" ""85014""","https://www.google.com/search?q=site%3Azillow.com%20%22must%20sell%22%20%2285014%22"
"Phoenix","AZ","85014","needs work","site:zillow.com ""needs work"" ""85014""","https://www.google.com/search?q=site%3Azillow.com%20%22needs%20work%22%20%2285014%22"
"Phoenix","AZ","85014","cash only","site:zillow.com ""cash only"" ""85014""","https://www.google.com/search?q=site%3Azillow.com%20%22cash%20only%22%20%2285014%22"
"Phoenix","AZ","85014","motivated seller","site:zillow.com ""motivated seller"" ""85014""","https://www.google.com/search?q=site%3Azillow.com%20%22motivated%20seller%22%20%2285014%22"
"Phoenix","AZ","85014","estate sale","site:zillow.com ""estate sale"" ""85014""","https://www.google.com/search?q=site%3Azillow.com%20%22estate%20sale%22%20%2285014%22"
"Phoenix","AZ","85014","bring offers","site:zillow.com ""bring offers"" ""85014""","https://www.google.com/search?q=site%3Azillow.com%20%22bring%20offers%22%20%2285014%22"
"Phoenix","AZ","85014","distressed","site:zillow.com ""distressed"" ""85014""","https://www.google.com/search?q=site%3Azillow.com%20%22distressed%22%20%2285014%22"
"Phoenix","AZ","85014","tear down","site:zillow.com ""tear down"" ""85014""","https://www.google.com/search?q=site%3Azillow.com%20%22tear%20down%22%20%2285014%22"
"Phoenix","AZ","85014","sold as-is","site:zillow.com ""sold as-is"" ""85014""","https://www.google.com/search?q=site%3Azillow.com%20%22sold%20as-is%22%20%2285014%22"
"Tucson","AZ","85701","fixer upper","site:zillow.com ""fixer upper"" ""85701""","https://www.google.com/search?q=site%3Azillow.com%20%22fixer%20upper%22%20%2285701%22"
"Tucson","AZ","85701","TLC","site:zillow.com ""TLC"" ""85701""","https://www.google.com/search?q=site%3Azillow.com%20%22TLC%22%20%2285701%22"
"Tucson","AZ","85701","handyman special","site:zillow.com ""handyman special"" ""85701""","https://www.google.com/search?q=site%3Azillow.com%20%22handyman%20special%22%20%2285701%22"
"Tucson","AZ","85701","as-is","site:zillow.com ""as-is"" ""85701""","https://www.google.com/search?q=site%3Azillow.com%20%22as-is%22%20%2285701%22"
"Tucson","AZ","85701","investor special","site:zillow.com ""investor special"" ""85701""","https://www.google.com/search?q=site%3Azillow.com%20%22investor%20special%22%20%2285701%22"
"Tucson","AZ","85701","probate","site:zillow.com ""probate"" ""85701""","https://www.google.com/search?q=site%3Azillow.com%20%22probate%22%20%2285701%22"
"Tucson","AZ","85701","must sell","site:zillow.com ""must sell"" ""85701""","https://www.google.com/search?q=site%3Azillow.com%20%22must%20sell%22%20%2285701%22"
"Tucson","AZ","85701","needs work","site:zillow.com ""needs work"" ""85701""","https://www.google.com/search?q=site%3Azillow.com%20%22needs%20work%22%20%2285701%22"
"Tucson","AZ","85701","cash only","site:zillow.com ""cash only"" ""85701""","https://www.google.com/search?q=site%3Azillow.com%20%22cash%20only%22%20%2285701%22"
"Tucson","AZ","85701","motivated seller","site:zillow.com ""motivated seller"" ""85701""","https://www.google.com/search?q=site%3Azillow.com%20%22motivated%20seller%22%20%2285701%22"
"Tucson","AZ","85701","estate sale","site:zillow.com ""estate sale"" ""85701""","https://www.google.com/search?q=site%3Azillow.com%20%22estate%20sale%22%20%2285701%22"
"Tucson","AZ","85701","bring offers","site:zillow.com ""bring offers"" ""85701""","https://www.google.com/search?q=site%3Azillow.com%20%22bring%20offers%22%20%2285701%22"
"Tucson","AZ","85701","distressed","site:zillow.com ""distressed"" ""85701""","https://www.google.com/search?q=site%3Azillow.com%20%22distressed%22%20%2285701%22"
"Tucson","AZ","85701","tear down","site:zillow.com ""tear down"" ""85701""","https://www.google.com/search?q=site%3Azillow.com%20%22tear%20down%22%20%2285701%22"
"Tucson","AZ","85701","sold as-is","site:zillow.com ""sold as-is"" ""85701""","https://www.google.com/search?q=site%3Azillow.com%20%22sold%20as-is%22%20%2285701%22"
"Mesa","AZ","85201","fixer upper","site:zillow.com ""fixer upper"" ""85201""","https://www.google.com/search?q=site%3Azillow.com%20%22fixer%20upper%22%20%2285201%22"
"Mesa","AZ","85201","TLC","site:zillow.com ""TLC"" ""85201""","https://www.google.com/search?q=site%3Azillow.com%20%22TLC%22%20%2285201%22"
"Mesa","AZ","85201","handyman special","site:zillow.com ""handyman special"" ""85201""","https://www.google.com/search?q=site%3Azillow.com%20%22handyman%20special%22%20%2285201%22"
"Mesa","AZ","85201","as-is","site:zillow.com ""as-is"" ""85201""","https://www.google.com/search?q=site%3Azillow.com%20%22as-is%22%20%2285201%22"
"Mesa","AZ","85201","investor special","site:zillow.com ""investor special"" ""85201""","https://www.google.com/search?q=site%3Azillow.com%20%22investor%20special%22%20%2285201%22"
"Mesa","AZ","85201","probate","site:zillow.com ""probate"" ""85201""","https://www.google.com/search?q=site%3Azillow.com%20%22probate%22%20%2285201%22"
"Mesa","AZ","85201","must sell","site:zillow.com ""must sell"" ""85201""","https://www.google.com/search?q=site%3Azillow.com%20%22must%20sell%22%20%2285201%22"
"Mesa","AZ","85201","needs work","site:zillow.com ""needs work"" ""85201""","https://www.google.com/search?q=site%3Azillow.com%20%22needs%20work%22%20%2285201%22"
"Mesa","AZ","85201","cash only","site:zillow.com ""cash only"" ""85201""","https://www.google.com/search?q=site%3Azillow.com%20%22cash%20only%22%20%2285201%22"
"Mesa","AZ","85201","motivated seller","site:zillow.com ""motivated seller"" ""85201""","https://www.google.com/search?q=site%3Azillow.com%20%22motivated%20seller%22%20%2285201%22"
"Mesa","AZ","85201","estate sale","site:zillow.com ""estate sale"" ""85201""","https://www.google.com/search?q=site%3Azillow.com%20%22estate%20sale%22%20%2285201%22"
"Mesa","AZ","85201","bring offers","site:zillow.com ""bring offers"" ""85201""","https://www.google.com/search?q=site%3Azillow.com%20%22bring%20offers%22%20%2285201%22"
"Mesa","AZ","85201","distressed","site:zillow.com ""distressed"" ""85201""","https://www.google.com/search?q=site%3Azillow.com%20%22distressed%22%20%2285201%22"
"Mesa","AZ","85201","tear down","site:zillow.com ""tear down"" ""85201""","https://www.google.com/search?q=site%3Azillow.com%20%22tear%20down%22%20%2285201%22"
"Mesa","AZ","85201","sold as-is","site:zillow.com ""sold as-is"" ""85201""","https://www.google.com/search?q=site%3Azillow.com%20%22sold%20as-is%22%20%2285201%22"
"Columbia","SC","29052","fixer upper","site:zillow.com ""fixer upper"" ""29052""","https://www.google.com/search?q=site%3Azillow.com%20%22fixer%20upper%22%20%2229052%22"
"Columbia","SC","29052","TLC","site:zillow.com ""TLC"" ""29052""","https://www.google.com/search?q=site%3Azillow.com%20%22TLC%22%20%2229052%22"
"Columbia","SC","29052","handyman special","site:zillow.com ""handyman special"" ""29052""","https://www.google.com/search?q=site%3Azillow.com%20%22handyman%20special%22%20%2229052%22"
"Columbia","SC","29052","as-is","site:zillow.com ""as-is"" ""29052""","https://www.google.com/search?q=site%3Azillow.com%20%22as-is%22%20%2229052%22"
"Columbia","SC","29052","investor special","site:zillow.com ""investor special"" ""29052""","https://www.google.com/search?q=site%3Azillow.com%20%22investor%20special%22%20%2229052%22"
"Columbia","SC","29052","probate","site:zillow.com ""probate"" ""29052""","https://www.google.com/search?q=site%3Azillow.com%20%22probate%22%20%2229052%22"
"Columbia","SC","29052","must sell","site:zillow.com ""must sell"" ""29052""","https://www.google.com/search?q=site%3Azillow.com%20%22must%20sell%22%20%2229052%22"
"Columbia","SC","29052","needs work","site:zillow.com ""needs work"" ""29052""","https://www.google.com/search?q=site%3Azillow.com%20%22needs%20work%22%20%2229052%22"
"Columbia","SC","29052","cash only","site:zillow.com ""cash only"" ""29052""","https://www.google.com/search?q=site%3Azillow.com%20%22cash%20only%22%20%2229052%22"
"Columbia","SC","29052","motivated seller","site:zillow.com ""motivated seller"" ""29052""","https://www.google.com/search?q=site%3Azillow.com%20%22motivated%20seller%22%20%2229052%22"
"Columbia","SC","29052","estate sale","site:zillow.com ""estate sale"" ""29052""","https://www.google.com/search?q=site%3Azillow.com%20%22estate%20sale%22%20%2229052%22"
"Columbia","SC","29052","bring offers","site:zillow.com ""bring offers"" ""29052""","https://www.google.com/search?q=site%3Azillow.com%20%22bring%20offers%22%20%2229052%22"
"Columbia","SC","29052","distressed","site:zillow.com ""distressed"" ""29052""","https://www.google.com/search?q=site%3Azillow.com%20%22distressed%22%20%2229052%22"
"Columbia","SC","29052","tear down","site:zillow.com ""tear down"" ""29052""","https://www.google.com/search?q=site%3Azillow.com%20%22tear%20down%22%20%2229052%22"
"Columbia","SC","29052","sold as-is","site:zillow.com ""sold as-is"" ""29052""","https://www.google.com/search?q=site%3Azillow.com%20%22sold%20as-is%22%20%2229052%22"
"Charleston","SC","29412","fixer upper","site:zillow.com ""fixer upper"" ""29412""","https://www.google.com/search?q=site%3Azillow.com%20%22fixer%20upper%22%20%2229412%22"
"Charleston","SC","29412","TLC","site:zillow.com ""TLC"" ""29412""","https://www.google.com/search?q=site%3Azillow.com%20%22TLC%22%20%2229412%22"
"Charleston","SC","29412","handyman special","site:zillow.com ""handyman special"" ""29412""","https://www.google.com/search?q=site%3Azillow.com%20%22handyman%20special%22%20%2229412%22"
"Charleston","SC","29412","as-is","site:zillow.com ""as-is"" ""29412""","https://www.google.com/search?q=site%3Azillow.com%20%22as-is%22%20%2229412%22"
"Charleston","SC","29412","investor special","site:zillow.com ""investor special"" ""29412""","https://www.google.com/search?q=site%3Azillow.com%20%22investor%20special%22%20%2229412%22"
"Charleston","SC","29412","probate","site:zillow.com ""probate"" ""29412""","https://www.google.com/search?q=site%3Azillow.com%20%22probate%22%20%2229412%22"
"Charleston","SC","29412","must sell","site:zillow.com ""must sell"" ""29412""","https://www.google.com/search?q=site%3Azillow.com%20%22must%20sell%22%20%2229412%22"
"Charleston","SC","29412","needs work","site:zillow.com ""needs work"" ""29412""","https://www.google.com/search?q=site%3Azillow.com%20%22needs%20work%22%20%2229412%22"
"Charleston","SC","29412","cash only","site:zillow.com ""cash only"" ""29412""","https://www.google.com/search?q=site%3Azillow.com%20%22cash%20only%22%20%2229412%22"
"Charleston","SC","29412","motivated seller","site:zillow.com ""motivated seller"" ""29412""","https://www.google.com/search?q=site%3Azillow.com%20%22motivated%20seller%22%20%2229412%22"
"Charleston","SC","29412","estate sale","site:zillow.com ""estate sale"" ""29412""","https://www.google.com/search?q=site%3Azillow.com%20%22estate%20sale%22%20%2229412%22"
"Charleston","SC","29412","bring offers","site:zillow.com ""bring offers"" ""29412""","https://www.google.com/search?q=site%3Azillow.com%20%22bring%20offers%22%20%2229412%22"
"Charleston","SC","29412","distressed","site:zillow.com ""distressed"" ""29412""","https://www.google.com/search?q=site%3Azillow.com%20%22distressed%22%20%2229412%22"
"Charleston","SC","29412","tear down","site:zillow.com ""tear down"" ""29412""","https://www.google.com/search?q=site%3Azillow.com%20%22tear%20down%22%20%2229412%22"
"Charleston","SC","29412","sold as-is","site:zillow.com ""sold as-is"" ""29412""","https://www.google.com/search?q=site%3Azillow.com%20%22sold%20as-is%22%20%2229412%22"
"Greenville","SC","29601","fixer upper","site:zillow.com ""fixer upper"" ""29601""","https://www.google.com/search?q=site%3Azillow.com%20%22fixer%20upper%22%20%2229601%22"
"Greenville","SC","29601","TLC","site:zillow.com ""TLC"" ""29601""","https://www.google.com/search?q=site%3Azillow.com%20%22TLC%22%20%2229601%22"
"Greenville","SC","29601","handyman special","site:zillow.com ""handyman special"" ""29601""","https://www.google.com/search?q=site%3Azillow.com%20%22handyman%20special%22%20%2229601%22"
"Greenville","SC","29601","as-is","site:zillow.com ""as-is"" ""29601""","https://www.google.com/search?q=site%3Azillow.com%20%22as-is%22%20%2229601%22"
"Greenville","SC","29601","investor special","site:zillow.com ""investor special"" ""29601""","https://www.google.com/search?q=site%3Azillow.com%20%22investor%20special%22%20%2229601%22"
"Greenville","SC","29601","probate","site:zillow.com ""probate"" ""29601""","https://www.google.com/search?q=site%3Azillow.com%20%22probate%22%20%2229601%22"
"Greenville","SC","29601","must sell","site:zillow.com ""must sell"" ""29601""","https://www.google.com/search?q=site%3Azillow.com%20%22must%20sell%22%20%2229601%22"
"Greenville","SC","29601","needs work","site:zillow.com ""needs work"" ""29601""","https://www.google.com/search?q=site%3Azillow.com%20%22needs%20work%22%20%2229601%22"
"Greenville","SC","29601","cash only","site:zillow.com ""cash only"" ""29601""","https://www.google.com/search?q=site%3Azillow.com%20%22cash%20only%22%20%2229601%22"
"Greenville","SC","29601","motivated seller","site:zillow.com ""motivated seller"" ""29601""","https://www.google.com/search?q=site%3Azillow.com%20%22motivated%20seller%22%20%2229601%22"
"Greenville","SC","29601","estate sale","site:zillow.com ""estate sale"" ""29601""","https://www.google.com/search?q=site%3Azillow.com%20%22estate%20sale%22%20%2229601%22"
"Greenville","SC","29601","bring offers","site:zillow.com ""bring offers"" ""29601""","https://www.google.com/search?q=site%3Azillow.com%20%22bring%20offers%22%20%2229601%22"
"Greenville","SC","29601","distressed","site:zillow.com ""distressed"" ""29601""","https://www.google.com/search?q=site%3Azillow.com%20%22distressed%22%20%2229601%22"
"Greenville","SC","29601","tear down","site:zillow.com ""tear down"" ""29601""","https://www.google.com/search?q=site%3Azillow.com%20%22tear%20down%22%20%2229601%22"
"Greenville","SC","29601","sold as-is","site:zillow.com ""sold as-is"" ""29601""","https://www.google.com/search?q=site%3Azillow.com%20%22sold%20as-is%22%20%2229601%22"
"Atlanta","GA","30316","fixer upper","site:zillow.com ""fixer upper"" ""30316""","https://www.google.com/search?q=site%3Azillow.com%20%22fixer%20upper%22%20%2230316%22"
"Atlanta","GA","30316","TLC","site:zillow.com ""TLC"" ""30316""","https://www.google.com/search?q=site%3Azillow.com%20%22TLC%22%20%2230316%22"
"Atlanta","GA","30316","handyman special","site:zillow.com ""handyman special"" ""30316""","https://www.google.com/search?q=site%3Azillow.com%20%22handyman%20special%22%20%2230316%22"
"Atlanta","GA","30316","as-is","site:zillow.com ""as-is"" ""30316""","https://www.google.com/search?q=site%3Azillow.com%20%22as-is%22%20%2230316%22"
"Atlanta","GA","30316","investor special","site:zillow.com ""investor special"" ""30316""","https://www.google.com/search?q=site%3Azillow.com%20%22investor%20special%22%20%2230316%22"
"Atlanta","GA","30316","probate","site:zillow.com ""probate"" ""30316""","https://www.google.com/search?q=site%3Azillow.com%20%22probate%22%20%2230316%22"
"Atlanta","GA","30316","must sell","site:zillow.com ""must sell"" ""30316""","https://www.google.com/search?q=site%3Azillow.com%20%22must%20sell%22%20%2230316%22"
"Atlanta","GA","30316","needs work","site:zillow.com ""needs work"" ""30316""","https://www.google.com/search?q=site%3Azillow.com%20%22needs%20work%22%20%2230316%22"
"Atlanta","GA","30316","cash only","site:zillow.com ""cash only"" ""30316""","https://www.google.com/search?q=site%3Azillow.com%20%22cash%20only%22%20%2230316%22"
"Atlanta","GA","30316","motivated seller","site:zillow.com ""motivated seller"" ""30316""","https://www.google.com/search?q=site%3Azillow.com%20%22motivated%20seller%22%20%2230316%22"
"Atlanta","GA","30316","estate sale","site:zillow.com ""estate sale"" ""30316""","https://www.google.com/search?q=site%3Azillow.com%20%22estate%20sale%22%20%2230316%22"
"Atlanta","GA","30316","bring offers","site:zillow.com ""bring offers"" ""30316""","https://www.google.com/search?q=site%3Azillow.com%20%22bring%20offers%22%20%2230316%22"
"Atlanta","GA","30316","distressed","site:zillow.com ""distressed"" ""30316""","https://www.google.com/search?q=site%3Azillow.com%20%22distressed%22%20%2230316%22"
"Atlanta","GA","30316","tear down","site:zillow.com ""tear down"" ""30316""","https://www.google.com/search?q=site%3Azillow.com%20%22tear%20down%22%20%2230316%22"
"Atlanta","GA","30316","sold as-is","site:zillow.com ""sold as-is"" ""30316""","https://www.google.com/search?q=site%3Azillow.com%20%22sold%20as-is%22%20%2230316%22"
"Augusta","GA","30901","fixer upper","site:zillow.com ""fixer upper"" ""30901""","https://www.google.com/search?q=site%3Azillow.com%20%22fixer%20upper%22%20%2230901%22"
"Augusta","GA","30901","TLC","site:zillow.com ""TLC"" ""30901""","https://www.google.com/search?q=site%3Azillow.com%20%22TLC%22%20%2230901%22"
"Augusta","GA","30901","handyman special","site:zillow.com ""handyman special"" ""30901""","https://www.google.com/search?q=site%3Azillow.com%20%22handyman%20special%22%20%2230901%22"
"Augusta","GA","30901","as-is","site:zillow.com ""as-is"" ""30901""","https://www.google.com/search?q=site%3Azillow.com%20%22as-is%22%20%2230901%22"
"Augusta","GA","30901","investor special","site:zillow.com ""investor special"" ""30901""","https://www.google.com/search?q=site%3Azillow.com%20%22investor%20special%22%20%2230901%22"
"Augusta","GA","30901","probate","site:zillow.com ""probate"" ""30901""","https://www.google.com/search?q=site%3Azillow.com%20%22probate%22%20%2230901%22"
"Augusta","GA","30901","must sell","site:zillow.com ""must sell"" ""30901""","https://www.google.com/search?q=site%3Azillow.com%20%22must%20sell%22%20%2230901%22"
"Augusta","GA","30901","needs work","site:zillow.com ""needs work"" ""30901""","https://www.google.com/search?q=site%3Azillow.com%20%22needs%20work%22%20%2230901%22"
"Augusta","GA","30901","cash only","site:zillow.com ""cash only"" ""30901""","https://www.google.com/search?q=site%3Azillow.com%20%22cash%20only%22%20%2230901%22"
"Augusta","GA","30901","motivated seller","site:zillow.com ""motivated seller"" ""30901""","https://www.google.com/search?q=site%3Azillow.com%20%22motivated%20seller%22%20%2230901%22"
"Augusta","GA","30901","estate sale","site:zillow.com ""estate sale"" ""30901""","https://www.google.com/search?q=site%3Azillow.com%20%22estate%20sale%22%20%2230901%22"
"Augusta","GA","30901","bring offers","site:zillow.com ""bring offers"" ""30901""","https://www.google.com/search?q=site%3Azillow.com%20%22bring%20offers%22%20%2230901%22"
"Augusta","GA","30901","distressed","site:zillow.com ""distressed"" ""30901""","https://www.google.com/search?q=site%3Azillow.com%20%22distressed%22%20%2230901%22"
"Augusta","GA","30901","tear down","site:zillow.com ""tear down"" ""30901""","https://www.google.com/search?q=site%3Azillow.com%20%22tear%20down%22%20%2230901%22"
"Augusta","GA","30901","sold as-is","site:zillow.com ""sold as-is"" ""30901""","https://www.google.com/search?q=site%3Azillow.com%20%22sold%20as-is%22%20%2230901%22"
"Savannah","GA","31401","fixer upper","site:zillow.com ""fixer upper"" ""31401""","https://www.google.com/search?q=site%3Azillow.com%20%22fixer%20upper%22%20%2231401%22"
"Savannah","GA","31401","TLC","site:zillow.com ""TLC"" ""31401""","https://www.google.com/search?q=site%3Azillow.com%20%22TLC%22%20%2231401%22"
"Savannah","GA","31401","handyman special","site:zillow.com ""handyman special"" ""31401""","https://www.google.com/search?q=site%3Azillow.com%20%22handyman%20special%22%20%2231401%22"
"Savannah","GA","31401","as-is","site:zillow.com ""as-is"" ""31401""","https://www.google.com/search?q=site%3Azillow.com%20%22as-is%22%20%2231401%22"
"Savannah","GA","31401","investor special","site:zillow.com ""investor special"" ""31401""","https://www.google.com/search?q=site%3Azillow.com%20%22investor%20special%22%20%2231401%22"
"Savannah","GA","31401","probate","site:zillow.com ""probate"" ""31401""","https://www.google.com/search?q=site%3Azillow.com%20%22probate%22%20%2231401%22"
"Savannah","GA","31401","must sell","site:zillow.com ""must sell"" ""31401""","https://www.google.com/search?q=site%3Azillow.com%20%22must%20sell%22%20%2231401%22"
"Savannah","GA","31401","needs work","site:zillow.com ""needs work"" ""31401""","https://www.google.com/search?q=site%3Azillow.com%20%22needs%20work%22%20%2231401%22"
"Savannah","GA","31401","cash only","site:zillow.com ""cash only"" ""31401""","https://www.google.com/search?q=site%3Azillow.com%20%22cash%20only%22%20%2231401%22"
"Savannah","GA","31401","motivated seller","site:zillow.com ""motivated seller"" ""31401""","https://www.google.com/search?q=site%3Azillow.com%20%22motivated%20seller%22%20%2231401%22"
"Savannah","GA","31401","estate sale","site:zillow.com ""estate sale"" ""31401""","https://www.google.com/search?q=site%3Azillow.com%20%22estate%20sale%22%20%2231401%22"
"Savannah","GA","31401","bring offers","site:zillow.com ""bring offers"" ""31401""","https://www.google.com/search?q=site%3Azillow.com%20%22bring%20offers%22%20%2231401%22"
"Savannah","GA","31401","distressed","site:zillow.com ""distressed"" ""31401""","https://www.google.com/search?q=site%3Azillow.com%20%22distressed%22%20%2231401%22"
"Savannah","GA","31401","tear down","site:zillow.com ""tear down"" ""31401""","https://www.google.com/search?q=site%3Azillow.com%20%22tear%20down%22%20%2231401%22"
"Savannah","GA","31401","sold as-is","site:zillow.com ""sold as-is"" ""31401""","https://www.google.com/search?q=site%3Azillow.com%20%22sold%20as-is%22%20%2231401%22"
"Charlotte","NC","28215","fixer upper","site:zillow.com ""fixer upper"" ""28215""","https://www.google.com/search?q=site%3Azillow.com%20%22fixer%20upper%22%20%2228215%22"
"Charlotte","NC","28215","TLC","site:zillow.com ""TLC"" ""28215""","https://www.google.com/search?q=site%3Azillow.com%20%22TLC%22%20%2228215%22"
"Charlotte","NC","28215","handyman special","site:zillow.com ""handyman special"" ""28215""","https://www.google.com/search?q=site%3Azillow.com%20%22handyman%20special%22%20%2228215%22"
"Charlotte","NC","28215","as-is","site:zillow.com ""as-is"" ""28215""","https://www.google.com/search?q=site%3Azillow.com%20%22as-is%22%20%2228215%22"
"Charlotte","NC","28215","investor special","site:zillow.com ""investor special"" ""28215""","https://www.google.com/search?q=site%3Azillow.com%20%22investor%20special%22%20%2228215%22"
"Charlotte","NC","28215","probate","site:zillow.com ""probate"" ""28215""","https://www.google.com/search?q=site%3Azillow.com%20%22probate%22%20%2228215%22"
"Charlotte","NC","28215","must sell","site:zillow.com ""must sell"" ""28215""","https://www.google.com/search?q=site%3Azillow.com%20%22must%20sell%22%20%2228215%22"
"Charlotte","NC","28215","needs work","site:zillow.com ""needs work"" ""28215""","https://www.google.com/search?q=site%3Azillow.com%20%22needs%20work%22%20%2228215%22"
"Charlotte","NC","28215","cash only","site:zillow.com ""cash only"" ""28215""","https://www.google.com/search?q=site%3Azillow.com%20%22cash%20only%22%20%2228215%22"
"Charlotte","NC","28215","motivated seller","site:zillow.com ""motivated seller"" ""28215""","https://www.google.com/search?q=site%3Azillow.com%20%22motivated%20seller%22%20%2228215%22"
"Charlotte","NC","28215","estate sale","site:zillow.com ""estate sale"" ""28215""","https://www.google.com/search?q=site%3Azillow.com%20%22estate%20sale%22%20%2228215%22"
"Charlotte","NC","28215","bring offers","site:zillow.com ""bring offers"" ""28215""","https://www.google.com/search?q=site%3Azillow.com%20%22bring%20offers%22%20%2228215%22"
"Charlotte","NC","28215","distressed","site:zillow.com ""distressed"" ""28215""","https://www.google.com/search?q=site%3Azillow.com%20%22distressed%22%20%2228215%22"
"Charlotte","NC","28215","tear down","site:zillow.com ""tear down"" ""28215""","https://www.google.com/search?q=site%3Azillow.com%20%22tear%20down%22%20%2228215%22"
"Charlotte","NC","28215","sold as-is","site:zillow.com ""sold as-is"" ""28215""","https://www.google.com/search?q=site%3Azillow.com%20%22sold%20as-is%22%20%2228215%22"
"Raleigh","NC","27601","fixer upper","site:zillow.com ""fixer upper"" ""27601""","https://www.google.com/search?q=site%3Azillow.com%20%22fixer%20upper%22%20%2227601%22"
"Raleigh","NC","27601","TLC","site:zillow.com ""TLC"" ""27601""","https://www.google.com/search?q=site%3Azillow.com%20%22TLC%22%20%2227601%22"
"Raleigh","NC","27601","handyman special","site:zillow.com ""handyman special"" ""27601""","https://www.google.com/search?q=site%3Azillow.com%20%22handyman%20special%22%20%2227601%22"
"Raleigh","NC","27601","as-is","site:zillow.com ""as-is"" ""27601""","https://www.google.com/search?q=site%3Azillow.com%20%22as-is%22%20%2227601%22"
"Raleigh","NC","27601","investor special","site:zillow.com ""investor special"" ""27601""","https://www.google.com/search?q=site%3Azillow.com%20%22investor%20special%22%20%2227601%22"
"Raleigh","NC","27601","probate","site:zillow.com ""probate"" ""27601""","https://www.google.com/search?q=site%3Azillow.com%20%22probate%22%20%2227601%22"
"Raleigh","NC","27601","must sell","site:zillow.com ""must sell"" ""27601""","https://www.google.com/search?q=site%3Azillow.com%20%22must%20sell%22%20%2227601%22"
"Raleigh","NC","27601","needs work","site:zillow.com ""needs work"" ""27601""","https://www.google.com/search?q=site%3Azillow.com%20%22needs%20work%22%20%2227601%22"
"Raleigh","NC","27601","cash only","site:zillow.com ""cash only"" ""27601""","https://www.google.com/search?q=site%3Azillow.com%20%22cash%20only%22%20%2227601%22"
"Raleigh","NC","27601","motivated seller","site:zillow.com ""motivated seller"" ""27601""","https://www.google.com/search?q=site%3Azillow.com%20%22motivated%20seller%22%20%2227601%22"
"Raleigh","NC","27601","estate sale","site:zillow.com ""estate sale"" ""27601""","https://www.google.com/search?q=site%3Azillow.com%20%22estate%20sale%22%20%2227601%22"
"Raleigh","NC","27601","bring offers","site:zillow.com ""bring offers"" ""27601""","https://www.google.com/search?q=site%3Azillow.com%20%22bring%20offers%22%20%2227601%22"
"Raleigh","NC","27601","distressed","site:zillow.com ""distressed"" ""27601""","https://www.google.com/search?q=site%3Azillow.com%20%22distressed%22%20%2227601%22"
"Raleigh","NC","27601","tear down","site:zillow.com ""tear down"" ""27601""","https://www.google.com/search?q=site%3Azillow.com%20%22tear%20down%22%20%2227601%22"
"Raleigh","NC","27601","sold as-is","site:zillow.com ""sold as-is"" ""27601""","https://www.google.com/search?q=site%3Azillow.com%20%22sold%20as-is%22%20%2227601%22"
"Greensboro","NC","27401","fixer upper","site:zillow.com ""fixer upper"" ""27401""","https://www.google.com/search?q=site%3Azillow.com%20%22fixer%20upper%22%20%2227401%22"
"Greensboro","NC","27401","TLC","site:zillow.com ""TLC"" ""27401""","https://www.google.com/search?q=site%3Azillow.com%20%22TLC%22%20%2227401%22"
"Greensboro","NC","27401","handyman special","site:zillow.com ""handyman special"" ""27401""","https://www.google.com/search?q=site%3Azillow.com%20%22handyman%20special%22%20%2227401%22"
"Greensboro","NC","27401","as-is","site:zillow.com ""as-is"" ""27401""","https://www.google.com/search?q=site%3Azillow.com%20%22as-is%22%20%2227401%22"
"Greensboro","NC","27401","investor special","site:zillow.com ""investor special"" ""27401""","https://www.google.com/search?q=site%3Azillow.com%20%22investor%20special%22%20%2227401%22"
"Greensboro","NC","27401","probate","site:zillow.com ""probate"" ""27401""","https://www.google.com/search?q=site%3Azillow.com%20%22probate%22%20%2227401%22"
"Greensboro","NC","27401","must sell","site:zillow.com ""must sell"" ""27401""","https://www.google.com/search?q=site%3Azillow.com%20%22must%20sell%22%20%2227401%22"
"Greensboro","NC","27401","needs work","site:zillow.com ""needs work"" ""27401""","https://www.google.com/search?q=site%3Azillow.com%20%22needs%20work%22%20%2227401%22"
"Greensboro","NC","27401","cash only","site:zillow.com ""cash only"" ""27401""","https://www.google.com/search?q=site%3Azillow.com%20%22cash%20only%22%20%2227401%22"
"Greensboro","NC","27401","motivated seller","site:zillow.com ""motivated seller"" ""27401""","https://www.google.com/search?q=site%3Azillow.com%20%22motivated%20seller%22%20%2227401%22"
"Greensboro","NC","27401","estate sale","site:zillow.com ""estate sale"" ""27401""","https://www.google.com/search?q=site%3Azillow.com%20%22estate%20sale%22%20%2227401%22"
"Greensboro","NC","27401","bring offers","site:zillow.com ""bring offers"" ""27401""","https://www.google.com/search?q=site%3Azillow.com%20%22bring%20offers%22%20%2227401%22"
"Greensboro","NC","27401","distressed","site:zillow.com ""distressed"" ""27401""","https://www.google.com/search?q=site%3Azillow.com%20%22distressed%22%20%2227401%22"
"Greensboro","NC","27401","tear down","site:zillow.com ""tear down"" ""27401""","https://www.google.com/search?q=site%3Azillow.com%20%22tear%20down%22%20%2227401%22"
"Greensboro","NC","27401","sold as-is","site:zillow.com ""sold as-is"" ""27401""","https://www.google.com/search?q=site%3Azillow.com%20%22sold%20as-is%22%20%2227401%22"
"Memphis","TN","38115","fixer upper","site:zillow.com ""fixer upper"" ""38115""","https://www.google.com/search?q=site%3Azillow.com%20%22fixer%20upper%22%20%2238115%22"
"Memphis","TN","38115","TLC","site:zillow.com ""TLC"" ""38115""","https://www.google.com/search?q=site%3Azillow.com%20%22TLC%22%20%2238115%22"
"Memphis","TN","38115","handyman special","site:zillow.com ""handyman special"" ""38115""","https://www.google.com/search?q=site%3Azillow.com%20%22handyman%20special%22%20%2238115%22"
"Memphis","TN","38115","as-is","site:zillow.com ""as-is"" ""38115""","https://www.google.com/search?q=site%3Azillow.com%20%22as-is%22%20%2238115%22"
"Memphis","TN","38115","investor special","site:zillow.com ""investor special"" ""38115""","https://www.google.com/search?q=site%3Azillow.com%20%22investor%20special%22%20%2238115%22"
"Memphis","TN","38115","probate","site:zillow.com ""probate"" ""38115""","https://www.google.com/search?q=site%3Azillow.com%20%22probate%22%20%2238115%22"
"Memphis","TN","38115","must sell","site:zillow.com ""must sell"" ""38115""","https://www.google.com/search?q=site%3Azillow.com%20%22must%20sell%22%20%2238115%22"
"Memphis","TN","38115","needs work","site:zillow.com ""needs work"" ""38115""","https://www.google.com/search?q=site%3Azillow.com%20%22needs%20work%22%20%2238115%22"
"Memphis","TN","38115","cash only","site:zillow.com ""cash only"" ""38115""","https://www.google.com/search?q=site%3Azillow.com%20%22cash%20only%22%20%2238115%22"
"Memphis","TN","38115","motivated seller","site:zillow.com ""motivated seller"" ""38115""","https://www.google.com/search?q=site%3Azillow.com%20%22motivated%20seller%22%20%2238115%22"
"Memphis","TN","38115","estate sale","site:zillow.com ""estate sale"" ""38115""","https://www.google.com/search?q=site%3Azillow.com%20%22estate%20sale%22%20%2238115%22"
"Memphis","TN","38115","bring offers","site:zillow.com ""bring offers"" ""38115""","https://www.google.com/search?q=site%3Azillow.com%20%22bring%20offers%22%20%2238115%22"
"Memphis","TN","38115","distressed","site:zillow.com ""distressed"" ""38115""","https://www.google.com/search?q=site%3Azillow.com%20%22distressed%22%20%2238115%22"
"Memphis","TN","38115","tear down","site:zillow.com ""tear down"" ""38115""","https://www.google.com/search?q=site%3Azillow.com%20%22tear%20down%22%20%2238115%22"
"Memphis","TN","38115","sold as-is","site:zillow.com ""sold as-is"" ""38115""","https://www.google.com/search?q=site%3Azillow.com%20%22sold%20as-is%22%20%2238115%22"
"Birmingham","AL","35203","fixer upper","site:zillow.com ""fixer upper"" ""35203""","https://www.google.com/search?q=site%3Azillow.com%20%22fixer%20upper%22%20%2235203%22"
"Birmingham","AL","35203","TLC","site:zillow.com ""TLC"" ""35203""","https://www.google.com/search?q=site%3Azillow.com%20%22TLC%22%20%2235203%22"
"Birmingham","AL","35203","handyman special","site:zillow.com ""handyman special"" ""35203""","https://www.google.com/search?q=site%3Azillow.com%20%22handyman%20special%22%20%2235203%22"
"Birmingham","AL","35203","as-is","site:zillow.com ""as-is"" ""35203""","https://www.google.com/search?q=site%3Azillow.com%20%22as-is%22%20%2235203%22"
"Birmingham","AL","35203","investor special","site:zillow.com ""investor special"" ""35203""","https://www.google.com/search?q=site%3Azillow.com%20%22investor%20special%22%20%2235203%22"
"Birmingham","AL","35203","probate","site:zillow.com ""probate"" ""35203""","https://www.google.com/search?q=site%3Azillow.com%20%22probate%22%20%2235203%22"
"Birmingham","AL","35203","must sell","site:zillow.com ""must sell"" ""35203""","https://www.google.com/search?q=site%3Azillow.com%20%22must%20sell%22%20%2235203%22"
"Birmingham","AL","35203","needs work","site:zillow.com ""needs work"" ""35203""","https://www.google.com/search?q=site%3Azillow.com%20%22needs%20work%22%20%2235203%22"
"Birmingham","AL","35203","cash only","site:zillow.com ""cash only"" ""35203""","https://www.google.com/search?q=site%3Azillow.com%20%22cash%20only%22%20%2235203%22"
"Birmingham","AL","35203","motivated seller","site:zillow.com ""motivated seller"" ""35203""","https://www.google.com/search?q=site%3Azillow.com%20%22motivated%20seller%22%20%2235203%22"
"Birmingham","AL","35203","estate sale","site:zillow.com ""estate sale"" ""35203""","https://www.google.com/search?q=site%3Azillow.com%20%22estate%20sale%22%20%2235203%22"
"Birmingham","AL","35203","bring offers","site:zillow.com ""bring offers"" ""35203""","https://www.google.com/search?q=site%3Azillow.com%20%22bring%20offers%22%20%2235203%22"
"Birmingham","AL","35203","distressed","site:zillow.com ""distressed"" ""35203""","https://www.google.com/search?q=site%3Azillow.com%20%22distressed%22%20%2235203%22"
"Birmingham","AL","35203","tear down","site:zillow.com ""tear down"" ""35203""","https://www.google.com/search?q=site%3Azillow.com%20%22tear%20down%22%20%2235203%22"
"Birmingham","AL","35203","sold as-is","site:zillow.com ""sold as-is"" ""35203""","https://www.google.com/search?q=site%3Azillow.com%20%22sold%20as-is%22%20%2235203%22"
"Indianapolis","IN","46204","fixer upper","site:zillow.com ""fixer upper"" ""46204""","https://www.google.com/search?q=site%3Azillow.com%20%22fixer%20upper%22%20%2246204%22"
"Indianapolis","IN","46204","TLC","site:zillow.com ""TLC"" ""46204""","https://www.google.com/search?q=site%3Azillow.com%20%22TLC%22%20%2246204%22"
"Indianapolis","IN","46204","handyman special","site:zillow.com ""handyman special"" ""46204""","https://www.google.com/search?q=site%3Azillow.com%20%22handyman%20special%22%20%2246204%22"
"Indianapolis","IN","46204","as-is","site:zillow.com ""as-is"" ""46204""","https://www.google.com/search?q=site%3Azillow.com%20%22as-is%22%20%2246204%22"
"Indianapolis","IN","46204","investor special","site:zillow.com ""investor special"" ""46204""","https://www.google.com/search?q=site%3Azillow.com%20%22investor%20special%22%20%2246204%22"
"Indianapolis","IN","46204","probate","site:zillow.com ""probate"" ""46204""","https://www.google.com/search?q=site%3Azillow.com%20%22probate%22%20%2246204%22"
"Indianapolis","IN","46204","must sell","site:zillow.com ""must sell"" ""46204""","https://www.google.com/search?q=site%3Azillow.com%20%22must%20sell%22%20%2246204%22"
"Indianapolis","IN","46204","needs work","site:zillow.com ""needs work"" ""46204""","https://www.google.com/search?q=site%3Azillow.com%20%22needs%20work%22%20%2246204%22"
"Indianapolis","IN","46204","cash only","site:zillow.com ""cash only"" ""46204""","https://www.google.com/search?q=site%3Azillow.com%20%22cash%20only%22%20%2246204%22"
"Indianapolis","IN","46204","motivated seller","site:zillow.com ""motivated seller"" ""46204""","https://www.google.com/search?q=site%3Azillow.com%20%22motivated%20seller%22%20%2246204%22"
"Indianapolis","IN","46204","estate sale","site:zillow.com ""estate sale"" ""46204""","https://www.google.com/search?q=site%3Azillow.com%20%22estate%20sale%22%20%2246204%22"
"Indianapolis","IN","46204","bring offers","site:zillow.com ""bring offers"" ""46204""","https://www.google.com/search?q=site%3Azillow.com%20%22bring%20offers%22%20%2246204%22"
"Indianapolis","IN","46204","distressed","site:zillow.com ""distressed"" ""46204""","https://www.google.com/search?q=site%3Azillow.com%20%22distressed%22%20%2246204%22"
"Indianapolis","IN","46204","tear down","site:zillow.com ""tear down"" ""46204""","https://www.google.com/search?q=site%3Azillow.com%20%22tear%20down%22%20%2246204%22"
"Indianapolis","IN","46204","sold as-is","site:zillow.com ""sold as-is"" ""46204""","https://www.google.com/search?q=site%3Azillow.com%20%22sold%20as-is%22%20%2246204%22"
"Cleveland","OH","44114","fixer upper","site:zillow.com ""fixer upper"" ""44114""","https://www.google.com/search?q=site%3Azillow.com%20%22fixer%20upper%22%20%2244114%22"
"Cleveland","OH","44114","TLC","site:zillow.com ""TLC"" ""44114""","https://www.google.com/search?q=site%3Azillow.com%20%22TLC%22%20%2244114%22"
"Cleveland","OH","44114","handyman special","site:zillow.com ""handyman special"" ""44114""","https://www.google.com/search?q=site%3Azillow.com%20%22handyman%20special%22%20%2244114%22"
"Cleveland","OH","44114","as-is","site:zillow.com ""as-is"" ""44114""","https://www.google.com/search?q=site%3Azillow.com%20%22as-is%22%20%2244114%22"
"Cleveland","OH","44114","investor special","site:zillow.com ""investor special"" ""44114""","https://www.google.com/search?q=site%3Azillow.com%20%22investor%20special%22%20%2244114%22"
"Cleveland","OH","44114","probate","site:zillow.com ""probate"" ""44114""","https://www.google.com/search?q=site%3Azillow.com%20%22probate%22%20%2244114%22"
"Cleveland","OH","44114","must sell","site:zillow.com ""must sell"" ""44114""","https://www.google.com/search?q=site%3Azillow.com%20%22must%20sell%22%20%2244114%22"
"Cleveland","OH","44114","needs work","site:zillow.com ""needs work"" ""44114""","https://www.google.com/search?q=site%3Azillow.com%20%22needs%20work%22%20%2244114%22"
"Cleveland","OH","44114","cash only","site:zillow.com ""cash only"" ""44114""","https://www.google.com/search?q=site%3Azillow.com%20%22cash%20only%22%20%2244114%22"
"Cleveland","OH","44114","motivated seller","site:zillow.com ""motivated seller"" ""44114""","https://www.google.com/search?q=site%3Azillow.com%20%22motivated%20seller%22%20%2244114%22"
"Cleveland","OH","44114","estate sale","site:zillow.com ""estate sale"" ""44114""","https://www.google.com/search?q=site%3Azillow.com%20%22estate%20sale%22%20%2244114%22"
"Cleveland","OH","44114","bring offers","site:zillow.com ""bring offers"" ""44114""","https://www.google.com/search?q=site%3Azillow.com%20%22bring%20offers%22%20%2244114%22"
"Cleveland","OH","44114","distressed","site:zillow.com ""distressed"" ""44114""","https://www.google.com/search?q=site%3Azillow.com%20%22distressed%22%20%2244114%22"
"Cleveland","OH","44114","tear down","site:zillow.com ""tear down"" ""44114""","https://www.google.com/search?q=site%3Azillow.com%20%22tear%20down%22%20%2244114%22"
"Cleveland","OH","44114","sold as-is","site:zillow.com ""sold as-is"" ""44114""","https://www.google.com/search?q=site%3Azillow.com%20%22sold%20as-is%22%20%2244114%22"
"Detroit","MI","48206","fixer upper","site:zillow.com ""fixer upper"" ""48206""","https://www.google.com/search?q=site%3Azillow.com%20%22fixer%20upper%22%20%2248206%22"
"Detroit","MI","48206","TLC","site:zillow.com ""TLC"" ""48206""","https://www.google.com/search?q=site%3Azillow.com%20%22TLC%22%20%2248206%22"
"Detroit","MI","48206","handyman special","site:zillow.com ""handyman special"" ""48206""","https://www.google.com/search?q=site%3Azillow.com%20%22handyman%20special%22%20%2248206%22"
"Detroit","MI","48206","as-is","site:zillow.com ""as-is"" ""48206""","https://www.google.com/search?q=site%3Azillow.com%20%22as-is%22%20%2248206%22"
"Detroit","MI","48206","investor special","site:zillow.com ""investor special"" ""48206""","https://www.google.com/search?q=site%3Azillow.com%20%22investor%20special%22%20%2248206%22"
"Detroit","MI","48206","probate","site:zillow.com ""probate"" ""48206""","https://www.google.com/search?q=site%3Azillow.com%20%22probate%22%20%2248206%22"
"Detroit","MI","48206","must sell","site:zillow.com ""must sell"" ""48206""","https://www.google.com/search?q=site%3Azillow.com%20%22must%20sell%22%20%2248206%22"
"Detroit","MI","48206","needs work","site:zillow.com ""needs work"" ""48206""","https://www.google.com/search?q=site%3Azillow.com%20%22needs%20work%22%20%2248206%22"
"Detroit","MI","48206","cash only","site:zillow.com ""cash only"" ""48206""","https://www.google.com/search?q=site%3Azillow.com%20%22cash%20only%22%20%2248206%22"
"Detroit","MI","48206","motivated seller","site:zillow.com ""motivated seller"" ""48206""","https://www.google.com/search?q=site%3Azillow.com%20%22motivated%20seller%22%20%2248206%22"
"Detroit","MI","48206","estate sale","site:zillow.com ""estate sale"" ""48206""","https://www.google.com/search?q=site%3Azillow.com%20%22estate%20sale%22%20%2248206%22"
"Detroit","MI","48206","bring offers","site:zillow.com ""bring offers"" ""48206""","https://www.google.com/search?q=site%3Azillow.com%20%22bring%20offers%22%20%2248206%22"
"Detroit","MI","48206","distressed","site:zillow.com ""distressed"" ""48206""","https://www.google.com/search?q=site%3Azillow.com%20%22distressed%22%20%2248206%22"
"Detroit","MI","48206","tear down","site:zillow.com ""tear down"" ""48206""","https://www.google.com/search?q=site%3Azillow.com%20%22tear%20down%22%20%2248206%22"
"Detroit","MI","48206","sold as-is","site:zillow.com ""sold as-is"" ""48206""","https://www.google.com/search?q=site%3Azillow.com%20%22sold%20as-is%22%20%2248206%22"
"Baltimore","MD","21223","fixer upper","site:zillow.com ""fixer upper"" ""21223""","https://www.google.com/search?q=site%3Azillow.com%20%22fixer%20upper%22%20%2221223%22"
"Baltimore","MD","21223","TLC","site:zillow.com ""TLC"" ""21223""","https://www.google.com/search?q=site%3Azillow.com%20%22TLC%22%20%2221223%22"
"Baltimore","MD","21223","handyman special","site:zillow.com ""handyman special"" ""21223""","https://www.google.com/search?q=site%3Azillow.com%20%22handyman%20special%22%20%2221223%22"
"Baltimore","MD","21223","as-is","site:zillow.com ""as-is"" ""21223""","https://www.google.com/search?q=site%3Azillow.com%20%22as-is%22%20%2221223%22"
"Baltimore","MD","21223","investor special","site:zillow.com ""investor special"" ""21223""","https://www.google.com/search?q=site%3Azillow.com%20%22investor%20special%22%20%2221223%22"
"Baltimore","MD","21223","probate","site:zillow.com ""probate"" ""21223""","https://www.google.com/search?q=site%3Azillow.com%20%22probate%22%20%2221223%22"
"Baltimore","MD","21223","must sell","site:zillow.com ""must sell"" ""21223""","https://www.google.com/search?q=site%3Azillow.com%20%22must%20sell%22%20%2221223%22"
"Baltimore","MD","21223","needs work","site:zillow.com ""needs work"" ""21223""","https://www.google.com/search?q=site%3Azillow.com%20%22needs%20work%22%20%2221223%22"
"Baltimore","MD","21223","cash only","site:zillow.com ""cash only"" ""21223""","https://www.google.com/search?q=site%3Azillow.com%20%22cash%20only%22%20%2221223%22"
"Baltimore","MD","21223","motivated seller","site:zillow.com ""motivated seller"" ""21223""","https://www.google.com/search?q=site%3Azillow.com%20%22motivated%20seller%22%20%2221223%22"
"Baltimore","MD","21223","estate sale","site:zillow.com ""estate sale"" ""21223""","https://www.google.com/search?q=site%3Azillow.com%20%22estate%20sale%22%20%2221223%22"
"Baltimore","MD","21223","bring offers","site:zillow.com ""bring offers"" ""21223""","https://www.google.com/search?q=site%3Azillow.com%20%22bring%20offers%22%20%2221223%22"
"Baltimore","MD","21223","distressed","site:zillow.com ""distressed"" ""21223""","https://www.google.com/search?q=site%3Azillow.com%20%22distressed%22%20%2221223%22"
"Baltimore","MD","21223","tear down","site:zillow.com ""tear down"" ""21223""","https://www.google.com/search?q=site%3Azillow.com%20%22tear%20down%22%20%2221223%22"
"Baltimore","MD","21223","sold as-is","site:zillow.com ""sold as-is"" ""21223""","https://www.google.com/search?q=site%3Azillow.com%20%22sold%20as-is%22%20%2221223%22"
"Kansas City","MO","64105","fixer upper","site:zillow.com ""fixer upper"" ""64105""","https://www.google.com/search?q=site%3Azillow.com%20%22fixer%20upper%22%20%2264105%22"
"Kansas City","MO","64105","TLC","site:zillow.com ""TLC"" ""64105""","https://www.google.com/search?q=site%3Azillow.com%20%22TLC%22%20%2264105%22"
"Kansas City","MO","64105","handyman special","site:zillow.com ""handyman special"" ""64105""","https://www.google.com/search?q=site%3Azillow.com%20%22handyman%20special%22%20%2264105%22"
"Kansas City","MO","64105","as-is","site:zillow.com ""as-is"" ""64105""","https://www.google.com/search?q=site%3Azillow.com%20%22as-is%22%20%2264105%22"
"Kansas City","MO","64105","investor special","site:zillow.com ""investor special"" ""64105""","https://www.google.com/search?q=site%3Azillow.com%20%22investor%20special%22%20%2264105%22"
"Kansas City","MO","64105","probate","site:zillow.com ""probate"" ""64105""","https://www.google.com/search?q=site%3Azillow.com%20%22probate%22%20%2264105%22"
"Kansas City","MO","64105","must sell","site:zillow.com ""must sell"" ""64105""","https://www.google.com/search?q=site%3Azillow.com%20%22must%20sell%22%20%2264105%22"
"Kansas City","MO","64105","needs work","site:zillow.com ""needs work"" ""64105""","https://www.google.com/search?q=site%3Azillow.com%20%22needs%20work%22%20%2264105%22"
"Kansas City","MO","64105","cash only","site:zillow.com ""cash only"" ""64105""","https://www.google.com/search?q=site%3Azillow.com%20%22cash%20only%22%20%2264105%22"
"Kansas City","MO","64105","motivated seller","site:zillow.com ""motivated seller"" ""64105""","https://www.google.com/search?q=site%3Azillow.com%20%22motivated%20seller%22%20%2264105%22"
"Kansas City","MO","64105","estate sale","site:zillow.com ""estate sale"" ""64105""","https://www.google.com/search?q=site%3Azillow.com%20%22estate%20sale%22%20%2264105%22"
"Kansas City","MO","64105","bring offers","site:zillow.com ""bring offers"" ""64105""","https://www.google.com/search?q=site%3Azillow.com%20%22bring%20offers%22%20%2264105%22"
"Kansas City","MO","64105","distressed","site:zillow.com ""distressed"" ""64105""","https://www.google.com/search?q=site%3Azillow.com%20%22distressed%22%20%2264105%22"
"Kansas City","MO","64105","tear down","site:zillow.com ""tear down"" ""64105""","https://www.google.com/search?q=site%3Azillow.com%20%22tear%20down%22%20%2264105%22"
"Kansas City","MO","64105","sold as-is","site:zillow.com ""sold as-is"" ""64105""","https://www.google.com/search?q=site%3Azillow.com%20%22sold%20as-is%22%20%2264105%22"
"Las Vegas","NV","89101","fixer upper","site:zillow.com ""fixer upper"" ""89101""","https://www.google.com/search?q=site%3Azillow.com%20%22fixer%20upper%22%20%2289101%22"
"Las Vegas","NV","89101","TLC","site:zillow.com ""TLC"" ""89101""","https://www.google.com/search?q=site%3Azillow.com%20%22TLC%22%20%2289101%22"
"Las Vegas","NV","89101","handyman special","site:zillow.com ""handyman special"" ""89101""","https://www.google.com/search?q=site%3Azillow.com%20%22handyman%20special%22%20%2289101%22"
"Las Vegas","NV","89101","as-is","site:zillow.com ""as-is"" ""89101""","https://www.google.com/search?q=site%3Azillow.com%20%22as-is%22%20%2289101%22"
"Las Vegas","NV","89101","investor special","site:zillow.com ""investor special"" ""89101""","https://www.google.com/search?q=site%3Azillow.com%20%22investor%20special%22%20%2289101%22"
"Las Vegas","NV","89101","probate","site:zillow.com ""probate"" ""89101""","https://www.google.com/search?q=site%3Azillow.com%20%22probate%22%20%2289101%22"
"Las Vegas","NV","89101","must sell","site:zillow.com ""must sell"" ""89101""","https://www.google.com/search?q=site%3Azillow.com%20%22must%20sell%22%20%2289101%22"
"Las Vegas","NV","89101","needs work","site:zillow.com ""needs work"" ""89101""","https://www.google.com/search?q=site%3Azillow.com%20%22needs%20work%22%20%2289101%22"
"Las Vegas","NV","89101","cash only","site:zillow.com ""cash only"" ""89101""","https://www.google.com/search?q=site%3Azillow.com%20%22cash%20only%22%20%2289101%22"
"Las Vegas","NV","89101","motivated seller","site:zillow.com ""motivated seller"" ""89101""","https://www.google.com/search?q=site%3Azillow.com%20%22motivated%20seller%22%20%2289101%22"
"Las Vegas","NV","89101","estate sale","site:zillow.com ""estate sale"" ""89101""","https://www.google.com/search?q=site%3Azillow.com%20%22estate%20sale%22%20%2289101%22"
"Las Vegas","NV","89101","bring offers","site:zillow.com ""bring offers"" ""89101""","https://www.google.com/search?q=site%3Azillow.com%20%22bring%20offers%22%20%2289101%22"
"Las Vegas","NV","89101","distressed","site:zillow.com ""distressed"" ""89101""","https://www.google.com/search?q=site%3Azillow.com%20%22distressed%22%20%2289101%22"
"Las Vegas","NV","89101","tear down","site:zillow.com ""tear down"" ""89101""","https://www.google.com/search?q=site%3Azillow.com%20%22tear%20down%22%20%2289101%22"
"Las Vegas","NV","89101","sold as-is","site:zillow.com ""sold as-is"" ""89101""","https://www.google.com/search?q=site%3Azillow.com%20%22sold%20as-is%22%20%2289101%22"
"Denver","CO","80205","fixer upper","site:zillow.com ""fixer upper"" ""80205""","https://www.google.com/search?q=site%3Azillow.com%20%22fixer%20upper%22%20%2280205%22"
"Denver","CO","80205","TLC","site:zillow.com ""TLC"" ""80205""","https://www.google.com/search?q=site%3Azillow.com%20%22TLC%22%20%2280205%22"
"Denver","CO","80205","handyman special","site:zillow.com ""handyman special"" ""80205""","https://www.google.com/search?q=site%3Azillow.com%20%22handyman%20special%22%20%2280205%22"
"Denver","CO","80205","as-is","site:zillow.com ""as-is"" ""80205""","https://www.google.com/search?q=site%3Azillow.com%20%22as-is%22%20%2280205%22"
"Denver","CO","80205","investor special","site:zillow.com ""investor special"" ""80205""","https://www.google.com/search?q=site%3Azillow.com%20%22investor%20special%22%20%2280205%22"
"Denver","CO","80205","probate","site:zillow.com ""probate"" ""80205""","https://www.google.com/search?q=site%3Azillow.com%20%22probate%22%20%2280205%22"
"Denver","CO","80205","must sell","site:zillow.com ""must sell"" ""80205""","https://www.google.com/search?q=site%3Azillow.com%20%22must%20sell%22%20%2280205%22"
"Denver","CO","80205","needs work","site:zillow.com ""needs work"" ""80205""","https://www.google.com/search?q=site%3Azillow.com%20%22needs%20work%22%20%2280205%22"
"Denver","CO","80205","cash only","site:zillow.com ""cash only"" ""80205""","https://www.google.com/search?q=site%3Azillow.com%20%22cash%20only%22%20%2280205%22"
"Denver","CO","80205","motivated seller","site:zillow.com ""motivated seller"" ""80205""","https://www.google.com/search?q=site%3Azillow.com%20%22motivated%20seller%22%20%2280205%22"
"Denver","CO","80205","estate sale","site:zillow.com ""estate sale"" ""80205""","https://www.google.com/search?q=site%3Azillow.com%20%22estate%20sale%22%20%2280205%22"
"Denver","CO","80205","bring offers","site:zillow.com ""bring offers"" ""80205""","https://www.google.com/search?q=site%3Azillow.com%20%22bring%20offers%22%20%2280205%22"
"Denver","CO","80205","distressed","site:zillow.com ""distressed"" ""80205""","https://www.google.com/search?q=site%3Azillow.com%20%22distressed%22%20%2280205%22"
"Denver","CO","80205","tear down","site:zillow.com ""tear down"" ""80205""","https://www.google.com/search?q=site%3Azillow.com%20%22tear%20down%22%20%2280205%22"
"Denver","CO","80205","sold as-is","site:zillow.com ""sold as-is"" ""80205""","https://www.google.com/search?q=site%3Azillow.com%20%22sold%20as-is%22%20%2280205%22"
"Oklahoma City","OK","73162","fixer upper","site:zillow.com ""fixer upper"" ""73162""","https://www.google.com/search?q=site%3Azillow.com%20%22fixer%20upper%22%20%2273162%22"
"Oklahoma City","OK","73162","TLC","site:zillow.com ""TLC"" ""73162""","https://www.google.com/search?q=site%3Azillow.com%20%22TLC%22%20%2273162%22"
"Oklahoma City","OK","73162","handyman special","site:zillow.com ""handyman special"" ""73162""","https://www.google.com/search?q=site%3Azillow.com%20%22handyman%20special%22%20%2273162%22"
"Oklahoma City","OK","73162","as-is","site:zillow.com ""as-is"" ""73162""","https://www.google.com/search?q=site%3Azillow.com%20%22as-is%22%20%2273162%22"
"Oklahoma City","OK","73162","investor special","site:zillow.com ""investor special"" ""73162""","https://www.google.com/search?q=site%3Azillow.com%20%22investor%20special%22%20%2273162%22"
"Oklahoma City","OK","73162","probate","site:zillow.com ""probate"" ""73162""","https://www.google.com/search?q=site%3Azillow.com%20%22probate%22%20%2273162%22"
"Oklahoma City","OK","73162","must sell","site:zillow.com ""must sell"" ""73162""","https://www.google.com/search?q=site%3Azillow.com%20%22must%20sell%22%20%2273162%22"
"Oklahoma City","OK","73162","needs work","site:zillow.com ""needs work"" ""73162""","https://www.google.com/search?q=site%3Azillow.com%20%22needs%20work%22%20%2273162%22"
"Oklahoma City","OK","73162","cash only","site:zillow.com ""cash only"" ""73162""","https://www.google.com/search?q=site%3Azillow.com%20%22cash%20only%22%20%2273162%22"
"Oklahoma City","OK","73162","motivated seller","site:zillow.com ""motivated seller"" ""73162""","https://www.google.com/search?q=site%3Azillow.com%20%22motivated%20seller%22%20%2273162%22"
"Oklahoma City","OK","73162","estate sale","site:zillow.com ""estate sale"" ""73162""","https://www.google.com/search?q=site%3Azillow.com%20%22estate%20sale%22%20%2273162%22"
"Oklahoma City","OK","73162","bring offers","site:zillow.com ""bring offers"" ""73162""","https://www.google.com/search?q=site%3Azillow.com%20%22bring%20offers%22%20%2273162%22"
"Oklahoma City","OK","73162","distressed","site:zillow.com ""distressed"" ""73162""","https://www.google.com/search?q=site%3Azillow.com%20%22distressed%22%20%2273162%22"
"Oklahoma City","OK","73162","tear down","site:zillow.com ""tear down"" ""73162""","https://www.google.com/search?q=site%3Azillow.com%20%22tear%20down%22%20%2273162%22"
"Oklahoma City","OK","73162","sold as-is","site:zillow.com ""sold as-is"" ""73162""","https://www.google.com/search?q=site%3Azillow.com%20%22sold%20as-is%22%20%2273162%22"